{
  "type": "FeatureCollection",
  "name": "env_river_segment_routes",
  "crs": {
    "type": "name",
    "properties": {
      "name": "urn:ogc:def:crs:OGC:1.3:CRS84"
    }
  },
  "features": [
    {
      "type": "Feature",
      "properties": {
        "river_id": "10100021",
        "upstream_site_id": "1031",
        "downstream_site_id": "1032"
      },
      "geometry": {
        "type": "LineString",
        "coordinates": [
          [
            121.5953869,
            25.2108576
          ],
          [
            121.596057,
            25.2113474
          ],
          [
            121.5966475,
            25.2122797
          ],
          [
            121.5971088,
            25.2124738
          ],
          [
            121.5978491,
            25.2125612
          ],
          [
            121.5986276,
            25.2128364
          ],
          [
            121.5991312,
            25.2143375
          ],
          [
            121.5993619,
            25.2146093
          ],
          [
            121.5999695,
            25.2149263
          ],
          [
            121.6004129,
            25.2152689
          ],
          [
            121.6007003,
            25.2156236
          ],
          [
            121.6009289,
            25.2161925
          ],
          [
            121.6011241,
            25.2163953
          ],
          [
            121.601585,
            25.2166569
          ],
          [
            121.6030631,
            25.2169345
          ],
          [
            121.6041568,
            25.2176958
          ],
          [
            121.6051765,
            25.2181226
          ],
          [
            121.6064639,
            25.2182196
          ],
          [
            121.60727,
            25.2179078
          ],
          [
            121.6075554,
            25.2178806
          ],
          [
            121.6084337,
            25.2180585
          ],
          [
            121.6094251,
            25.218802
          ],
          [
            121.6111374,
            25.219165
          ],
          [
            121.6122467,
            25.2191684
          ],
          [
            121.6136506,
            25.2195897
          ],
          [
            121.615203,
            25.2194965
          ],
          [
            121.6171263,
            25.218902
          ],
          [
            121.617945,
            25.2186648
          ],
          [
            121.6186304,
            25.2186855
          ],
          [
            121.6196022,
            25.218825
          ],
          [
            121.6204383,
            25.2192752
          ],
          [
            121.6219306,
            25.2205045
          ],
          [
            121.6251278,
            25.2208539
          ],
          [
            121.6271233,
            25.2211961
          ],
          [
            121.6276173,
            25.2213185
          ],
          [
            121.6280268,
            25.2214867
          ],
          [
            121.6283515,
            25.2218854
          ],
          [
            121.6284795,
            25.2221409
          ],
          [
            121.6288551,
            25.2234469
          ],
          [
            121.6288872,
            25.2243539
          ],
          [
            121.6290084,
            25.2247523
          ],
          [
            121.629135,
            25.2252361
          ],
          [
            121.6303249,
            25.2267803
          ],
          [
            121.6305467,
            25.2270131
          ]
        ]
      }
    },
    {
      "type": "Feature",
      "properties": {
        "river_id": "11400011",
        "upstream_site_id": "1001",
        "downstream_site_id": "1002"
      },
      "geometry": {
        "type": "LineString",
        "coordinates": [
          [
            121.4997787,
            25.0517021
          ],
          [
            121.5006867,
            25.0524022
          ],
          [
            121.5026434,
            25.0539884
          ],
          [
            121.5050989,
            25.0571087
          ],
          [
            121.5059448,
            25.0592957
          ],
          [
            121.5063558,
            25.0623359
          ],
          [
            121.5070186,
            25.0667713
          ],
          [
            121.5074331,
            25.0699056
          ],
          [
            121.5070838,
            25.0729095
          ],
          [
            121.506421,
            25.0760348
          ],
          [
            121.5054205,
            25.0796486
          ],
          [
            121.5042127,
            25.0826064
          ],
          [
            121.5028379,
            25.0842092
          ]
        ]
      }
    },
    {
      "type": "Feature",
      "properties": {
        "river_id": "11400011",
        "upstream_site_id": "1002",
        "downstream_site_id": "1003"
      },
      "geometry": {
        "type": "LineString",
        "coordinates": [
          [
            121.5028379,
            25.0842092
          ],
          [
            121.5002381,
            25.0872401
          ],
          [
            121.4959047,
            25.0917264
          ],
          [
            121.4932022,
            25.093846
          ],
          [
            121.4920047,
            25.0947853
          ],
          [
            121.4878242,
            25.0973853
          ],
          [
            121.477883,
            25.1005716
          ],
          [
            121.4659789,
            25.1032736
          ],
          [
            121.4627611,
            25.1054058
          ],
          [
            121.462258,
            25.1057392
          ],
          [
            121.461756,
            25.1062464
          ],
          [
            121.4614145,
            25.1067597
          ],
          [
            121.4611544,
            25.1073025
          ],
          [
            121.461052,
            25.1080204
          ],
          [
            121.461465,
            25.1150663
          ],
          [
            121.4612119,
            25.1157718
          ],
          [
            121.4582926,
            25.1237321
          ],
          [
            121.4578969,
            25.1250197
          ]
        ]
      }
    },
    {
      "type": "Feature",
      "properties": {
        "river_id": "11400011",
        "upstream_site_id": "1003",
        "downstream_site_id": "1004"
      },
      "geometry": {
        "type": "LineString",
        "coordinates": [
          [
            121.4578969,
            25.1250197
          ],
          [
            121.4570855,
            25.1276599
          ],
          [
            121.4555176,
            25.1327618
          ],
          [
            121.455452,
            25.1330263
          ],
          [
            121.454274,
            25.1377771
          ],
          [
            121.45316,
            25.1422697
          ],
          [
            121.4530117,
            25.1428677
          ],
          [
            121.4528307,
            25.1435975
          ],
          [
            121.4513311,
            25.1471046
          ],
          [
            121.4505037,
            25.1490396
          ],
          [
            121.4472367,
            25.1566796
          ],
          [
            121.4463261,
            25.1577258
          ],
          [
            121.4458751,
            25.1582496
          ],
          [
            121.4443545,
            25.159995
          ],
          [
            121.443392,
            25.1610997
          ],
          [
            121.4409526,
            25.1638997
          ],
          [
            121.4324874,
            25.1680323
          ],
          [
            121.4305867,
            25.1685725
          ],
          [
            121.4267617,
            25.169971
          ],
          [
            121.4244379,
            25.1708206
          ],
          [
            121.4229665,
            25.1713475
          ],
          [
            121.4228716,
            25.171373
          ]
        ]
      }
    },
    {
      "type": "Feature",
      "properties": {
        "river_id": "11401011",
        "upstream_site_id": "1014",
        "downstream_site_id": "1015"
      },
      "geometry": {
        "type": "LineString",
        "coordinates": [
          [
            121.3428676,
            24.9309733
          ],
          [
            121.342374,
            24.9304208
          ],
          [
            121.3418456,
            24.9301253
          ]
        ]
      }
    },
    {
      "type": "Feature",
      "properties": {
        "river_id": "11401011",
        "upstream_site_id": "1015",
        "downstream_site_id": "1016"
      },
      "geometry": {
        "type": "LineString",
        "coordinates": [
          [
            121.4363294,
            24.9920667
          ],
          [
            121.4363291,
            24.9920738
          ],
          [
            121.436325,
            24.992173
          ]
        ]
      }
    },
    {
      "type": "Feature",
      "properties": {
        "river_id": "11401011",
        "upstream_site_id": "1016",
        "downstream_site_id": "1017"
      },
      "geometry": {
        "type": "LineString",
        "coordinates": [
          [
            121.4362828,
            24.9950702
          ],
          [
            121.4364355,
            24.9969784
          ],
          [
            121.4365596,
            25.0006202
          ],
          [
            121.4365884,
            25.0014647
          ],
          [
            121.4372511,
            25.0059255
          ],
          [
            121.4384747,
            25.0097236
          ],
          [
            121.4396473,
            25.0123746
          ],
          [
            121.4415335,
            25.0152805
          ],
          [
            121.4436238,
            25.0186198
          ],
          [
            121.4453605,
            25.021189
          ],
          [
            121.4467081,
            25.0231826
          ],
          [
            121.4495198,
            25.0269634
          ],
          [
            121.4519592,
            25.0302434
          ],
          [
            121.4526411,
            25.0308234
          ],
          [
            121.4541768,
            25.0321297
          ],
          [
            121.4548277,
            25.0325167
          ]
        ]
      }
    },
    {
      "type": "Feature",
      "properties": {
        "river_id": "11401011",
        "upstream_site_id": "1017",
        "downstream_site_id": "1039"
      },
      "geometry": {
        "type": "LineString",
        "coordinates": [
          [
            121.4548277,
            25.0325167
          ],
          [
            121.4541768,
            25.0321297
          ],
          [
            121.4526411,
            25.0308234
          ],
          [
            121.4519592,
            25.0302434
          ],
          [
            121.4495198,
            25.0269634
          ],
          [
            121.4467081,
            25.0231826
          ],
          [
            121.4453605,
            25.021189
          ],
          [
            121.4436238,
            25.0186198
          ],
          [
            121.4415335,
            25.0152805
          ],
          [
            121.4396473,
            25.0123746
          ],
          [
            121.4384747,
            25.0097236
          ],
          [
            121.4372511,
            25.0059255
          ],
          [
            121.4365884,
            25.0014647
          ],
          [
            121.4365596,
            25.0006202
          ],
          [
            121.4364355,
            24.9969784
          ],
          [
            121.4362315,
            24.9944293
          ],
          [
            121.4363291,
            24.9920738
          ],
          [
            121.43641,
            24.9901214
          ],
          [
            121.4363154,
            24.9880764
          ],
          [
            121.4356861,
            24.9859686
          ],
          [
            121.4339284,
            24.9830993
          ],
          [
            121.4324974,
            24.981406
          ],
          [
            121.4314039,
            24.9803363
          ],
          [
            121.4313262,
            24.9802603
          ],
          [
            121.4297578,
            24.9790077
          ],
          [
            121.4293746,
            24.9787017
          ],
          [
            121.428304,
            24.9772487
          ],
          [
            121.4274373,
            24.9750311
          ],
          [
            121.42658,
            24.97327
          ],
          [
            121.4253041,
            24.9712081
          ],
          [
            121.4250349,
            24.9707731
          ],
          [
            121.4237369,
            24.9695138
          ],
          [
            121.4213237,
            24.9686491
          ],
          [
            121.4194286,
            24.9683456
          ],
          [
            121.4163283,
            24.9679209
          ],
          [
            121.4141249,
            24.967317
          ],
          [
            121.4129242,
            24.9667921
          ],
          [
            121.4123622,
            24.9662749
          ],
          [
            121.4118002,
            24.9661745
          ],
          [
            121.4109231,
            24.9672707
          ],
          [
            121.4104145,
            24.9681612
          ],
          [
            121.4078086,
            24.9682628
          ],
          [
            121.4061111,
            24.9681629
          ],
          [
            121.4046112,
            24.9681601
          ]
        ]
      }
    },
    {
      "type": "Feature",
      "properties": {
        "river_id": "11401111",
        "upstream_site_id": "1041",
        "downstream_site_id": "1042"
      },
      "geometry": {
        "type": "LineString",
        "coordinates": [
          [
            121.3738995,
            24.896649
          ],
          [
            121.3738547,
            24.8977169
          ],
          [
            121.3731101,
            24.8973941
          ],
          [
            121.3722347,
            24.897092
          ],
          [
            121.3718951,
            24.8972277
          ],
          [
            121.3716497,
            24.8977592
          ],
          [
            121.3715282,
            24.8980223
          ],
          [
            121.3715553,
            24.8989482
          ],
          [
            121.3715373,
            24.8993865
          ],
          [
            121.3705561,
            24.9001348
          ],
          [
            121.3697088,
            24.9001277
          ],
          [
            121.3688598,
            24.9001245
          ],
          [
            121.3680302,
            24.9001589
          ],
          [
            121.3677909,
            24.9003464
          ],
          [
            121.3677285,
            24.9005058
          ],
          [
            121.3684061,
            24.901005
          ],
          [
            121.3694562,
            24.9012742
          ],
          [
            121.3705796,
            24.9017472
          ],
          [
            121.3708546,
            24.9019704
          ],
          [
            121.370991,
            24.9023739
          ],
          [
            121.3711414,
            24.9027906
          ],
          [
            121.3710394,
            24.9033399
          ],
          [
            121.3707852,
            24.9040299
          ],
          [
            121.370475,
            24.9047421
          ],
          [
            121.3700847,
            24.9051675
          ],
          [
            121.3693571,
            24.9055289
          ],
          [
            121.3678915,
            24.9058208
          ],
          [
            121.3677056,
            24.9059702
          ],
          [
            121.3673669,
            24.9065505
          ],
          [
            121.3673439,
            24.9069965
          ],
          [
            121.3672429,
            24.9076698
          ],
          [
            121.3674859,
            24.9078734
          ],
          [
            121.3676327,
            24.9080717
          ],
          [
            121.3678048,
            24.9092084
          ],
          [
            121.3678675,
            24.9095935
          ],
          [
            121.3679148,
            24.9100258
          ],
          [
            121.367843,
            24.9105257
          ],
          [
            121.3677843,
            24.9109862
          ],
          [
            121.367774,
            24.9115201
          ],
          [
            121.3676571,
            24.9119582
          ],
          [
            121.3677814,
            24.9123781
          ],
          [
            121.3675013,
            24.912941
          ],
          [
            121.3676247,
            24.9151685
          ],
          [
            121.3676699,
            24.916266
          ],
          [
            121.3677309,
            24.9168649
          ],
          [
            121.3681317,
            24.9191124
          ],
          [
            121.3686869,
            24.9210717
          ],
          [
            121.3686962,
            24.9212409
          ],
          [
            121.3689933,
            24.9244058
          ],
          [
            121.3691826,
            24.9252631
          ],
          [
            121.3692139,
            24.9253694
          ]
        ]
      }
    },
    {
      "type": "Feature",
      "properties": {
        "river_id": "11402011",
        "upstream_site_id": "1018",
        "downstream_site_id": "1019"
      },
      "geometry": {
        "type": "LineString",
        "coordinates": [
          [
            121.5356095,
            24.9563263
          ],
          [
            121.5356666,
            24.9578807
          ],
          [
            121.5355085,
            24.9613301
          ],
          [
            121.5355018,
            24.9614757
          ],
          [
            121.535477,
            24.9620183
          ],
          [
            121.5337068,
            24.9659097
          ],
          [
            121.5313632,
            24.968332
          ],
          [
            121.5308259,
            24.9691634
          ],
          [
            121.5297107,
            24.969856
          ],
          [
            121.5280334,
            24.9708046
          ],
          [
            121.5274802,
            24.9711174
          ],
          [
            121.5254296,
            24.9727729
          ],
          [
            121.5242453,
            24.9739868
          ],
          [
            121.5229958,
            24.9752477
          ],
          [
            121.5226609,
            24.9756551
          ],
          [
            121.522428,
            24.9759383
          ],
          [
            121.5219559,
            24.9767081
          ],
          [
            121.5210167,
            24.9790015
          ],
          [
            121.5207228,
            24.9804034
          ],
          [
            121.5205348,
            24.9811519
          ],
          [
            121.5205364,
            24.9814011
          ],
          [
            121.5205743,
            24.9816428
          ],
          [
            121.5210864,
            24.9829736
          ],
          [
            121.5218223,
            24.9841077
          ],
          [
            121.5223034,
            24.9844902
          ],
          [
            121.5228811,
            24.9849469
          ],
          [
            121.523434,
            24.9853839
          ],
          [
            121.5242298,
            24.9861433
          ],
          [
            121.5255164,
            24.9869634
          ],
          [
            121.5273792,
            24.988061
          ],
          [
            121.5284847,
            24.988563
          ],
          [
            121.5293079,
            24.9894245
          ],
          [
            121.5298866,
            24.990201
          ],
          [
            121.5302444,
            24.9909516
          ],
          [
            121.5304826,
            24.9913599
          ],
          [
            121.5305966,
            24.9915554
          ],
          [
            121.5307996,
            24.9919034
          ],
          [
            121.5312604,
            24.9925202
          ],
          [
            121.5315552,
            24.9929582
          ],
          [
            121.5318749,
            24.9934332
          ],
          [
            121.5320604,
            24.9940885
          ],
          [
            121.5321133,
            24.9947809
          ],
          [
            121.5318539,
            24.9953593
          ],
          [
            121.5317405,
            24.9957476
          ],
          [
            121.5316513,
            24.9960528
          ],
          [
            121.5315366,
            24.9961975
          ],
          [
            121.5311117,
            24.9967337
          ],
          [
            121.530968,
            24.9970578
          ],
          [
            121.5308296,
            24.99737
          ],
          [
            121.5308226,
            24.9977576
          ],
          [
            121.5308204,
            24.9978808
          ],
          [
            121.5308389,
            24.9983508
          ],
          [
            121.5308501,
            24.9986375
          ],
          [
            121.530883,
            24.9994749
          ],
          [
            121.5314904,
            25.0015313
          ],
          [
            121.5328859,
            25.0027773
          ],
          [
            121.5332107,
            25.0029341
          ],
          [
            121.5334391,
            25.0031074
          ],
          [
            121.5335456,
            25.0033729
          ],
          [
            121.5336231,
            25.0039061
          ],
          [
            121.533628,
            25.0041124
          ],
          [
            121.5334682,
            25.0044876
          ],
          [
            121.5331171,
            25.0049988
          ],
          [
            121.5329089,
            25.0052621
          ],
          [
            121.5327685,
            25.0054683
          ],
          [
            121.5326706,
            25.0056724
          ],
          [
            121.5323611,
            25.0065611
          ],
          [
            121.5320259,
            25.0075238
          ],
          [
            121.5307963,
            25.0089055
          ],
          [
            121.5301876,
            25.0092262
          ],
          [
            121.5282906,
            25.0102257
          ],
          [
            121.5280367,
            25.0103595
          ],
          [
            121.5253876,
            25.0120714
          ],
          [
            121.5217883,
            25.0158432
          ],
          [
            121.5199348,
            25.0192485
          ],
          [
            121.5172008,
            25.0205528
          ],
          [
            121.5144172,
            25.0215331
          ],
          [
            121.5142485,
            25.0215441
          ]
        ]
      }
    },
    {
      "type": "Feature",
      "properties": {
        "river_id": "11402011",
        "upstream_site_id": "1019",
        "downstream_site_id": "1020"
      },
      "geometry": {
        "type": "LineString",
        "coordinates": [
          [
            121.5142485,
            25.0215441
          ],
          [
            121.5107134,
            25.021774
          ],
          [
            121.5083368,
            25.0210144
          ],
          [
            121.5047264,
            25.0172048
          ],
          [
            121.4997913,
            25.0117512
          ],
          [
            121.4974625,
            25.0103001
          ],
          [
            121.4963872,
            25.009899
          ]
        ]
      }
    },
    {
      "type": "Feature",
      "properties": {
        "river_id": "11402011",
        "upstream_site_id": "1020",
        "downstream_site_id": "1021"
      },
      "geometry": {
        "type": "LineString",
        "coordinates": [
          [
            121.4912244,
            25.0115678
          ],
          [
            121.4893579,
            25.0140543
          ],
          [
            121.488748,
            25.0160775
          ],
          [
            121.488651,
            25.0175936
          ],
          [
            121.4888721,
            25.0187753
          ],
          [
            121.4890006,
            25.0191122
          ],
          [
            121.4887861,
            25.0209341
          ],
          [
            121.4885133,
            25.0239702
          ],
          [
            121.488403,
            25.0251971
          ],
          [
            121.4851767,
            25.0305634
          ],
          [
            121.4846397,
            25.0314567
          ],
          [
            121.4836186,
            25.0331558
          ],
          [
            121.4833732,
            25.0343947
          ]
        ]
      }
    },
    {
      "type": "Feature",
      "properties": {
        "river_id": "11402011",
        "upstream_site_id": "1021",
        "downstream_site_id": "1271"
      },
      "geometry": {
        "type": "LineString",
        "coordinates": [
          [
            121.483326,
            25.035489
          ],
          [
            121.4832713,
            25.034909
          ],
          [
            121.4833732,
            25.0343947
          ]
        ]
      }
    },
    {
      "type": "Feature",
      "properties": {
        "river_id": "11402011",
        "upstream_site_id": "1271",
        "downstream_site_id": "1272"
      },
      "geometry": {
        "type": "LineString",
        "coordinates": [
          [
            121.545068,
            24.9426795
          ],
          [
            121.5451745,
            24.9428321
          ]
        ]
      }
    },
    {
      "type": "Feature",
      "properties": {
        "river_id": "11402011",
        "upstream_site_id": "1272",
        "downstream_site_id": "1347"
      },
      "geometry": {
        "type": "LineString",
        "coordinates": [
          [
            121.545068,
            24.9426795
          ],
          [
            121.5445781,
            24.9419778
          ],
          [
            121.5436438,
            24.9405094
          ],
          [
            121.5415056,
            24.9384921
          ],
          [
            121.5396282,
            24.9374201
          ],
          [
            121.5382939,
            24.9369505
          ],
          [
            121.5370232,
            24.9375621
          ],
          [
            121.5370295,
            24.9387205
          ],
          [
            121.5370522,
            24.9428971
          ],
          [
            121.5368307,
            24.9447504
          ],
          [
            121.5361247,
            24.9458382
          ],
          [
            121.5352258,
            24.9463227
          ],
          [
            121.5326261,
            24.9467629
          ],
          [
            121.53098,
            24.9468188
          ],
          [
            121.5290741,
            24.946514
          ],
          [
            121.5272624,
            24.946027
          ],
          [
            121.5257454,
            24.9456656
          ],
          [
            121.5249003,
            24.945169
          ],
          [
            121.5244139,
            24.9446852
          ],
          [
            121.5243516,
            24.9439625
          ],
          [
            121.5245047,
            24.9430421
          ],
          [
            121.5248015,
            24.9423738
          ],
          [
            121.526821,
            24.9395755
          ],
          [
            121.5275247,
            24.9385551
          ],
          [
            121.5283605,
            24.9379487
          ],
          [
            121.5292177,
            24.9370078
          ],
          [
            121.5300323,
            24.9359858
          ],
          [
            121.5306029,
            24.9350079
          ],
          [
            121.5312573,
            24.933731
          ],
          [
            121.5307994,
            24.9326813
          ],
          [
            121.5304259,
            24.9291462
          ],
          [
            121.5305574,
            24.9288697
          ],
          [
            121.5310353,
            24.9274234
          ],
          [
            121.5318522,
            24.926474
          ],
          [
            121.5319059,
            24.9264225
          ],
          [
            121.5331173,
            24.9254123
          ],
          [
            121.5331527,
            24.9248905
          ]
        ]
      }
    },
    {
      "type": "Feature",
      "properties": {
        "river_id": "11402011",
        "upstream_site_id": "1347",
        "downstream_site_id": "1273"
      },
      "geometry": {
        "type": "LineString",
        "coordinates": [
          [
            121.5331683,
            24.9246596
          ],
          [
            121.5331173,
            24.9254123
          ],
          [
            121.5319059,
            24.9264225
          ],
          [
            121.5318522,
            24.926474
          ],
          [
            121.5310353,
            24.9274234
          ],
          [
            121.5305574,
            24.9288697
          ],
          [
            121.5304259,
            24.9291462
          ],
          [
            121.5307994,
            24.9326813
          ],
          [
            121.5312573,
            24.933731
          ],
          [
            121.5306029,
            24.9350079
          ],
          [
            121.5300323,
            24.9359858
          ],
          [
            121.5292177,
            24.9370078
          ],
          [
            121.5283605,
            24.9379487
          ],
          [
            121.5275247,
            24.9385551
          ],
          [
            121.526821,
            24.9395755
          ],
          [
            121.5248015,
            24.9423738
          ],
          [
            121.5245047,
            24.9430421
          ],
          [
            121.5243516,
            24.9439625
          ],
          [
            121.5244139,
            24.9446852
          ],
          [
            121.5249003,
            24.945169
          ],
          [
            121.5257454,
            24.9456656
          ],
          [
            121.5272624,
            24.946027
          ],
          [
            121.5290741,
            24.946514
          ],
          [
            121.53098,
            24.9468188
          ],
          [
            121.5326261,
            24.9467629
          ],
          [
            121.5352258,
            24.9463227
          ],
          [
            121.5361247,
            24.9458382
          ],
          [
            121.5368307,
            24.9447504
          ],
          [
            121.5370522,
            24.9428971
          ],
          [
            121.5370295,
            24.9387205
          ],
          [
            121.5370232,
            24.9375621
          ],
          [
            121.5382939,
            24.9369505
          ],
          [
            121.5396282,
            24.9374201
          ],
          [
            121.5415056,
            24.9384921
          ],
          [
            121.5436438,
            24.9405094
          ],
          [
            121.5445781,
            24.9419778
          ],
          [
            121.5453878,
            24.9431377
          ],
          [
            121.5454425,
            24.9435741
          ],
          [
            121.5455069,
            24.9443947
          ],
          [
            121.5450187,
            24.9478115
          ],
          [
            121.5445904,
            24.9491862
          ],
          [
            121.5434051,
            24.9507748
          ],
          [
            121.5427619,
            24.9513196
          ],
          [
            121.5421199,
            24.9516054
          ],
          [
            121.5403843,
            24.9518534
          ],
          [
            121.5398042,
            24.9517885
          ],
          [
            121.5386202,
            24.9514139
          ],
          [
            121.5380487,
            24.9512718
          ],
          [
            121.536948,
            24.9514425
          ],
          [
            121.5358974,
            24.9522811
          ],
          [
            121.5355352,
            24.9543063
          ],
          [
            121.5356666,
            24.9578807
          ],
          [
            121.5355085,
            24.9613301
          ],
          [
            121.5355018,
            24.9614757
          ],
          [
            121.535477,
            24.9620183
          ],
          [
            121.5337068,
            24.9659097
          ],
          [
            121.5313632,
            24.968332
          ],
          [
            121.5308259,
            24.9691634
          ],
          [
            121.5297107,
            24.969856
          ],
          [
            121.5280334,
            24.9708046
          ],
          [
            121.5274802,
            24.9711174
          ],
          [
            121.5254296,
            24.9727729
          ],
          [
            121.5242453,
            24.9739868
          ],
          [
            121.5229958,
            24.9752477
          ],
          [
            121.5226609,
            24.9756551
          ],
          [
            121.522428,
            24.9759383
          ],
          [
            121.5219559,
            24.9767081
          ],
          [
            121.5210167,
            24.9790015
          ],
          [
            121.5207228,
            24.9804034
          ],
          [
            121.5205348,
            24.9811519
          ],
          [
            121.5205364,
            24.9814011
          ],
          [
            121.5205743,
            24.9816428
          ],
          [
            121.5210864,
            24.9829736
          ],
          [
            121.5218223,
            24.9841077
          ],
          [
            121.5223034,
            24.9844902
          ],
          [
            121.5228811,
            24.9849469
          ],
          [
            121.523434,
            24.9853839
          ],
          [
            121.5242298,
            24.9861433
          ],
          [
            121.5250171,
            24.9866451
          ]
        ]
      }
    },
    {
      "type": "Feature",
      "properties": {
        "river_id": "11402311",
        "upstream_site_id": "1022",
        "downstream_site_id": "1023"
      },
      "geometry": {
        "type": "LineString",
        "coordinates": [
          [
            121.6211164,
            25.0006543
          ],
          [
            121.6207206,
            25.0002948
          ],
          [
            121.6201996,
            24.9996968
          ],
          [
            121.6199522,
            24.9994054
          ],
          [
            121.6199067,
            24.999414
          ],
          [
            121.6195249,
            24.9994438
          ],
          [
            121.6184573,
            24.9997889
          ],
          [
            121.6182958,
            24.9998128
          ],
          [
            121.6180542,
            24.9997818
          ],
          [
            121.6144876,
            25.0001567
          ],
          [
            121.6140007,
            25.0003045
          ],
          [
            121.6138255,
            25.0005102
          ],
          [
            121.6132887,
            25.0007231
          ],
          [
            121.6131243,
            25.0006576
          ],
          [
            121.6129633,
            25.0005725
          ],
          [
            121.6126315,
            25.0005213
          ],
          [
            121.6116289,
            25.0003914
          ],
          [
            121.6111797,
            25.0003295
          ],
          [
            121.6109169,
            25.0002176
          ],
          [
            121.6106486,
            24.9999794
          ],
          [
            121.6103429,
            24.9997777
          ],
          [
            121.6096991,
            24.9996148
          ],
          [
            121.6091432,
            24.9995675
          ],
          [
            121.6088578,
            24.9995332
          ],
          [
            121.6080496,
            24.9994714
          ],
          [
            121.6076214,
            24.9993534
          ],
          [
            121.6072308,
            24.99933
          ],
          [
            121.6067351,
            24.9994386
          ],
          [
            121.6061754,
            24.9996535
          ],
          [
            121.6059146,
            24.9996863
          ],
          [
            121.6054968,
            24.9995927
          ],
          [
            121.6046405,
            24.9997752
          ],
          [
            121.6038049,
            25.0002098
          ],
          [
            121.6033328,
            25.0005307
          ],
          [
            121.6026651,
            25.0010533
          ],
          [
            121.6021809,
            25.0014453
          ],
          [
            121.6011925,
            25.0020256
          ],
          [
            121.5999667,
            25.0026455
          ],
          [
            121.5992693,
            25.0028303
          ],
          [
            121.5982608,
            25.0035693
          ],
          [
            121.5976815,
            25.0041915
          ],
          [
            121.5973864,
            25.0043836
          ],
          [
            121.5969712,
            25.0044059
          ],
          [
            121.5967857,
            25.0044249
          ],
          [
            121.5963699,
            25.0042086
          ],
          [
            121.5963511,
            25.0039193
          ],
          [
            121.5963645,
            25.0035085
          ],
          [
            121.5959059,
            25.0028011
          ],
          [
            121.5956001,
            25.0022274
          ],
          [
            121.5953211,
            25.0012745
          ],
          [
            121.5952782,
            25.0008272
          ],
          [
            121.5951924,
            25.0003605
          ],
          [
            121.5952997,
            24.9995437
          ],
          [
            121.5952353,
            24.9988047
          ],
          [
            121.5948597,
            24.9982116
          ],
          [
            121.594444,
            24.9975163
          ],
          [
            121.5939023,
            24.9969086
          ],
          [
            121.593861,
            24.9967554
          ],
          [
            121.5933631,
            24.9966654
          ],
          [
            121.5930466,
            24.996719
          ],
          [
            121.5925423,
            24.9969694
          ],
          [
            121.59203,
            24.9972975
          ],
          [
            121.5914587,
            24.9977935
          ],
          [
            121.5907292,
            24.9984936
          ],
          [
            121.5903,
            24.9988047
          ],
          [
            121.5897368,
            24.999077
          ],
          [
            121.5890716,
            24.9996118
          ],
          [
            121.5879182,
            25.0010655
          ],
          [
            121.587296,
            25.0025191
          ],
          [
            121.5870573,
            25.0027743
          ],
          [
            121.5864138,
            25.002844
          ],
          [
            121.5859254,
            25.0028619
          ],
          [
            121.5857215,
            25.0028612
          ],
          [
            121.585562,
            25.0027525
          ],
          [
            121.5851971,
            25.0023848
          ],
          [
            121.5850617,
            25.0021575
          ],
          [
            121.5850333,
            25.0019925
          ],
          [
            121.5847398,
            25.0018811
          ],
          [
            121.5844323,
            25.0017313
          ],
          [
            121.5840962,
            25.001672
          ],
          [
            121.5839713,
            25.001627
          ],
          [
            121.583692,
            25.0013927
          ],
          [
            121.5834441,
            25.001165
          ],
          [
            121.5830321,
            25.0008535
          ],
          [
            121.5828177,
            25.0007735
          ],
          [
            121.5825273,
            25.000746
          ],
          [
            121.5823587,
            25.0006698
          ],
          [
            121.5820335,
            25.0005059
          ],
          [
            121.5813553,
            25.0001579
          ],
          [
            121.5805759,
            24.999653
          ],
          [
            121.5799964,
            24.9994198
          ],
          [
            121.5795259,
            24.9994503
          ],
          [
            121.5792259,
            24.9994726
          ],
          [
            121.5783308,
            24.9995557
          ],
          [
            121.5777735,
            24.9996881
          ],
          [
            121.5773624,
            24.9996986
          ],
          [
            121.5768063,
            24.9993972
          ],
          [
            121.5761178,
            24.9989338
          ],
          [
            121.5756475,
            24.9984129
          ],
          [
            121.5754835,
            24.9980205
          ],
          [
            121.5754227,
            24.9975778
          ],
          [
            121.5751204,
            24.9969135
          ],
          [
            121.5744795,
            24.9964299
          ],
          [
            121.5732215,
            24.995604
          ],
          [
            121.572779,
            24.9952754
          ],
          [
            121.5724192,
            24.9946991
          ],
          [
            121.5722709,
            24.9938874
          ],
          [
            121.572161,
            24.9932919
          ],
          [
            121.5721641,
            24.9931383
          ],
          [
            121.572167,
            24.9931024
          ]
        ]
      }
    },
    {
      "type": "Feature",
      "properties": {
        "river_id": "11402311",
        "upstream_site_id": "1023",
        "downstream_site_id": "1024"
      },
      "geometry": {
        "type": "LineString",
        "coordinates": [
          [
            121.5543657,
            24.9767656
          ],
          [
            121.5545624,
            24.9766698
          ],
          [
            121.5549975,
            24.9764894
          ],
          [
            121.5557216,
            24.9764243
          ],
          [
            121.5567523,
            24.9764958
          ],
          [
            121.5569388,
            24.9766086
          ],
          [
            121.5573081,
            24.9769728
          ],
          [
            121.557453,
            24.9772703
          ],
          [
            121.5576511,
            24.9783362
          ],
          [
            121.5577459,
            24.978856
          ],
          [
            121.558007,
            24.9792749
          ],
          [
            121.5583826,
            24.9797267
          ]
        ]
      }
    },
    {
      "type": "Feature",
      "properties": {
        "river_id": "11402311",
        "upstream_site_id": "1024",
        "downstream_site_id": "1274"
      },
      "geometry": {
        "type": "LineString",
        "coordinates": [
          [
            121.5543657,
            24.9767656
          ],
          [
            121.5545624,
            24.9766698
          ],
          [
            121.5549975,
            24.9764894
          ],
          [
            121.5557216,
            24.9764243
          ],
          [
            121.5567523,
            24.9764958
          ],
          [
            121.5569388,
            24.9766086
          ],
          [
            121.5573081,
            24.9769728
          ],
          [
            121.557453,
            24.9772703
          ],
          [
            121.5576511,
            24.9783362
          ],
          [
            121.5577459,
            24.978856
          ],
          [
            121.558007,
            24.9792749
          ],
          [
            121.5583826,
            24.9797267
          ]
        ]
      }
    },
    {
      "type": "Feature",
      "properties": {
        "river_id": "11403011",
        "upstream_site_id": "1005",
        "downstream_site_id": "1009"
      },
      "geometry": {
        "type": "LineString",
        "coordinates": [
          [
            121.8047987,
            25.1066454
          ],
          [
            121.8033528,
            25.1071499
          ],
          [
            121.8023444,
            25.1074379
          ],
          [
            121.8013786,
            25.1077312
          ],
          [
            121.8006347,
            25.107958
          ],
          [
            121.7998035,
            25.1081196
          ],
          [
            121.7994655,
            25.108562
          ],
          [
            121.7992241,
            25.1089864
          ],
          [
            121.7988875,
            25.1096551
          ],
          [
            121.7985466,
            25.1102982
          ],
          [
            121.797975,
            25.1110257
          ],
          [
            121.7976202,
            25.1117924
          ],
          [
            121.797316,
            25.1122036
          ],
          [
            121.7970429,
            25.1123012
          ],
          [
            121.7965088,
            25.1122627
          ],
          [
            121.7958904,
            25.1123447
          ],
          [
            121.7946444,
            25.1125655
          ],
          [
            121.7945971,
            25.1125739
          ],
          [
            121.7935574,
            25.1128543
          ],
          [
            121.7926769,
            25.1128774
          ],
          [
            121.7921371,
            25.1127205
          ],
          [
            121.7915889,
            25.1126409
          ],
          [
            121.790305,
            25.1120595
          ],
          [
            121.7891088,
            25.111294
          ],
          [
            121.7883588,
            25.1107307
          ],
          [
            121.7869499,
            25.1097842
          ],
          [
            121.7862242,
            25.108601
          ],
          [
            121.7859964,
            25.1075717
          ],
          [
            121.7857967,
            25.106533
          ],
          [
            121.7855808,
            25.1057665
          ],
          [
            121.7852121,
            25.1051378
          ],
          [
            121.7848436,
            25.104591
          ],
          [
            121.7844772,
            25.1040842
          ],
          [
            121.784081,
            25.1036392
          ],
          [
            121.7842542,
            25.1026232
          ],
          [
            121.7842289,
            25.1022112
          ],
          [
            121.7841556,
            25.1017359
          ],
          [
            121.7840014,
            25.1010247
          ],
          [
            121.78368,
            25.1005329
          ],
          [
            121.783216,
            25.1005345
          ],
          [
            121.7824235,
            25.1008071
          ],
          [
            121.7816949,
            25.1011544
          ],
          [
            121.7809478,
            25.1010438
          ],
          [
            121.7807094,
            25.1009881
          ],
          [
            121.7791966,
            25.1005936
          ],
          [
            121.7777479,
            25.100429
          ],
          [
            121.7770378,
            25.100357
          ],
          [
            121.7767026,
            25.1005113
          ],
          [
            121.7765236,
            25.100874
          ],
          [
            121.7760592,
            25.1014657
          ],
          [
            121.775724,
            25.1017435
          ],
          [
            121.7755649,
            25.1021087
          ],
          [
            121.7756615,
            25.1023248
          ],
          [
            121.7759314,
            25.10251
          ],
          [
            121.7759067,
            25.1027384
          ],
          [
            121.7758746,
            25.1030347
          ],
          [
            121.7759399,
            25.1038424
          ],
          [
            121.7759172,
            25.1044848
          ],
          [
            121.7759115,
            25.104645
          ],
          [
            121.7763433,
            25.1054964
          ],
          [
            121.7766032,
            25.1058925
          ],
          [
            121.7767253,
            25.1066076
          ],
          [
            121.7765861,
            25.1072146
          ],
          [
            121.7764413,
            25.1076544
          ],
          [
            121.776001,
            25.1082692
          ],
          [
            121.7755867,
            25.1085017
          ],
          [
            121.7752539,
            25.1086884
          ],
          [
            121.7742512,
            25.1087167
          ],
          [
            121.7735377,
            25.1088092
          ],
          [
            121.772865,
            25.1088685
          ],
          [
            121.7719986,
            25.1090228
          ],
          [
            121.771656,
            25.109079
          ],
          [
            121.7714021,
            25.1091206
          ],
          [
            121.7711873,
            25.1090056
          ],
          [
            121.7709504,
            25.1088788
          ],
          [
            121.7705599,
            25.1082538
          ],
          [
            121.7704292,
            25.1075979
          ],
          [
            121.7703086,
            25.1071305
          ],
          [
            121.7702105,
            25.1065818
          ],
          [
            121.7699335,
            25.1062783
          ],
          [
            121.7692972,
            25.1055941
          ],
          [
            121.7683708,
            25.1045614
          ],
          [
            121.7679295,
            25.1033383
          ],
          [
            121.7674296,
            25.1026052
          ],
          [
            121.7666797,
            25.1016792
          ],
          [
            121.7665327,
            25.1013278
          ],
          [
            121.7663246,
            25.1008303
          ],
          [
            121.765978,
            25.09984
          ],
          [
            121.7656457,
            25.0991197
          ],
          [
            121.7651827,
            25.0988933
          ],
          [
            121.7644839,
            25.0988908
          ],
          [
            121.7638505,
            25.0990554
          ],
          [
            121.7634045,
            25.0991377
          ],
          [
            121.7631398,
            25.0993113
          ],
          [
            121.7628707,
            25.0994536
          ],
          [
            121.7625296,
            25.0998039
          ],
          [
            121.7619829,
            25.100015
          ],
          [
            121.7613587,
            25.1000994
          ],
          [
            121.7609573,
            25.1002052
          ],
          [
            121.7606343,
            25.100297
          ],
          [
            121.7598584,
            25.1006116
          ],
          [
            121.7591963,
            25.1008843
          ],
          [
            121.7578312,
            25.1013648
          ],
          [
            121.7573207,
            25.1015475
          ],
          [
            121.7566761,
            25.1017108
          ],
          [
            121.7563468,
            25.1017408
          ],
          [
            121.7561854,
            25.1016752
          ],
          [
            121.7557337,
            25.1015142
          ],
          [
            121.7551588,
            25.1013506
          ],
          [
            121.7546198,
            25.1012551
          ],
          [
            121.753834,
            25.101009
          ],
          [
            121.7525866,
            25.1005133
          ],
          [
            121.7519558,
            25.1002991
          ],
          [
            121.7507071,
            25.0998402
          ],
          [
            121.7507039,
            25.0998349
          ],
          [
            121.7501591,
            25.0996721
          ],
          [
            121.7491777,
            25.0993895
          ],
          [
            121.7483642,
            25.0992701
          ],
          [
            121.7479006,
            25.0993236
          ],
          [
            121.7475385,
            25.0994897
          ],
          [
            121.7473155,
            25.0996925
          ],
          [
            121.7471746,
            25.1001921
          ],
          [
            121.747195,
            25.1007847
          ],
          [
            121.7469189,
            25.1014535
          ],
          [
            121.746503,
            25.102112
          ],
          [
            121.746327,
            25.1023471
          ],
          [
            121.7458213,
            25.1027983
          ],
          [
            121.7449201,
            25.1028428
          ],
          [
            121.7441637,
            25.102748
          ],
          [
            121.7428194,
            25.1026491
          ],
          [
            121.7417241,
            25.1028631
          ],
          [
            121.7409992,
            25.1028919
          ],
          [
            121.7392745,
            25.1032267
          ],
          [
            121.7390414,
            25.1032994
          ],
          [
            121.7386355,
            25.1034473
          ],
          [
            121.7377031,
            25.103787
          ],
          [
            121.737524,
            25.10392
          ],
          [
            121.7365861,
            25.1048386
          ],
          [
            121.7359271,
            25.1056309
          ],
          [
            121.7350168,
            25.1071789
          ],
          [
            121.7345628,
            25.1081002
          ],
          [
            121.7341489,
            25.1086709
          ],
          [
            121.7329994,
            25.1101627
          ],
          [
            121.7324751,
            25.1108651
          ],
          [
            121.7321662,
            25.1111154
          ],
          [
            121.731963,
            25.1112576
          ],
          [
            121.7316762,
            25.1113586
          ],
          [
            121.7314479,
            25.1113902
          ],
          [
            121.7311357,
            25.1113527
          ],
          [
            121.728803,
            25.1107187
          ],
          [
            121.7282428,
            25.1105224
          ],
          [
            121.7278942,
            25.1103653
          ],
          [
            121.7275914,
            25.110184
          ],
          [
            121.7273917,
            25.1100027
          ],
          [
            121.7271597,
            25.1097651
          ],
          [
            121.7269853,
            25.1095377
          ],
          [
            121.7263939,
            25.1086228
          ],
          [
            121.726065,
            25.1080452
          ],
          [
            121.7257528,
            25.1074679
          ],
          [
            121.7255136,
            25.1068505
          ],
          [
            121.7252595,
            25.1055856
          ],
          [
            121.7250536,
            25.1047051
          ],
          [
            121.7247457,
            25.1039485
          ],
          [
            121.7244147,
            25.1031249
          ],
          [
            121.7242089,
            25.1027506
          ],
          [
            121.723886,
            25.1024096
          ],
          [
            121.7234174,
            25.1020001
          ],
          [
            121.7228166,
            25.101577
          ],
          [
            121.722672,
            25.1015026
          ],
          [
            121.7215525,
            25.1009265
          ],
          [
            121.7209761,
            25.1006669
          ],
          [
            121.7204522,
            25.100527
          ],
          [
            121.719885,
            25.1004478
          ],
          [
            121.7191897,
            25.1003458
          ],
          [
            121.7187209,
            25.1002846
          ],
          [
            121.7182434,
            25.1002846
          ],
          [
            121.7178424,
            25.100337
          ],
          [
            121.7159455,
            25.1008953
          ],
          [
            121.7148315,
            25.1009515
          ],
          [
            121.7130032,
            25.1005504
          ],
          [
            121.7128165,
            25.1005094
          ],
          [
            121.7102777,
            25.0997015
          ],
          [
            121.7087154,
            25.0989298
          ],
          [
            121.7076058,
            25.0981461
          ],
          [
            121.7074223,
            25.0979521
          ],
          [
            121.7072602,
            25.0977387
          ],
          [
            121.7071891,
            25.0975702
          ],
          [
            121.7071314,
            25.0974041
          ],
          [
            121.7071474,
            25.0972321
          ],
          [
            121.7072121,
            25.0971158
          ],
          [
            121.7073412,
            25.0970238
          ],
          [
            121.7075572,
            25.0969528
          ],
          [
            121.7078977,
            25.0968679
          ],
          [
            121.7084762,
            25.0966548
          ],
          [
            121.7089151,
            25.0964781
          ],
          [
            121.7096541,
            25.0955214
          ],
          [
            121.7098378,
            25.0944809
          ],
          [
            121.7098354,
            25.094063
          ],
          [
            121.7098059,
            25.0935343
          ],
          [
            121.7097068,
            25.0931353
          ],
          [
            121.7095035,
            25.0927122
          ],
          [
            121.7087997,
            25.0920366
          ],
          [
            121.7074327,
            25.0912246
          ],
          [
            121.7068291,
            25.091305
          ],
          [
            121.7057217,
            25.0918637
          ],
          [
            121.7043769,
            25.0929329
          ],
          [
            121.7040706,
            25.0934474
          ],
          [
            121.7037244,
            25.0946452
          ],
          [
            121.7036534,
            25.095437
          ],
          [
            121.7034848,
            25.0964459
          ],
          [
            121.7030676,
            25.096671
          ],
          [
            121.7020601,
            25.0968599
          ],
          [
            121.7009216,
            25.0967996
          ],
          [
            121.6998608,
            25.0967875
          ],
          [
            121.6991818,
            25.0963213
          ],
          [
            121.6984339,
            25.0954973
          ],
          [
            121.697919,
            25.0943357
          ],
          [
            121.6974441,
            25.0928324
          ],
          [
            121.6971956,
            25.0917552
          ],
          [
            121.6977881,
            25.0904569
          ],
          [
            121.6985493,
            25.0886762
          ],
          [
            121.6994858,
            25.0862765
          ],
          [
            121.7004423,
            25.0843791
          ],
          [
            121.7015519,
            25.0820235
          ],
          [
            121.7015874,
            25.0816256
          ],
          [
            121.7014231,
            25.0810628
          ],
          [
            121.7008062,
            25.0803834
          ],
          [
            121.6993815,
            25.0798729
          ],
          [
            121.6982009,
            25.0797
          ],
          [
            121.6954225,
            25.0789081
          ],
          [
            121.6940421,
            25.0785704
          ],
          [
            121.6933009,
            25.0786629
          ],
          [
            121.6926551,
            25.0787996
          ],
          [
            121.6913636,
            25.079282
          ],
          [
            121.6911436,
            25.0795666
          ],
          [
            121.690933,
            25.0798447
          ],
          [
            121.6910839,
            25.0803714
          ],
          [
            121.6915833,
            25.0808658
          ],
          [
            121.6933453,
            25.081927
          ],
          [
            121.6936094,
            25.0826225
          ],
          [
            121.6933475,
            25.0842706
          ],
          [
            121.6931655,
            25.08497
          ],
          [
            121.6928859,
            25.0858664
          ],
          [
            121.6924798,
            25.0864614
          ],
          [
            121.6918998,
            25.0869075
          ],
          [
            121.69113,
            25.0869452
          ],
          [
            121.6884691,
            25.0861304
          ],
          [
            121.6872845,
            25.0852557
          ],
          [
            121.6840043,
            25.0830699
          ],
          [
            121.683852,
            25.0830075
          ],
          [
            121.6824405,
            25.0824293
          ],
          [
            121.681955,
            25.0823037
          ],
          [
            121.6813447,
            25.0825235
          ],
          [
            121.6811367,
            25.0831579
          ],
          [
            121.6812893,
            25.0839932
          ],
          [
            121.6817123,
            25.0853939
          ],
          [
            121.6817955,
            25.0864742
          ],
          [
            121.6816846,
            25.0871839
          ],
          [
            121.6815443,
            25.0874573
          ],
          [
            121.6813655,
            25.0878057
          ],
          [
            121.6808732,
            25.0881763
          ],
          [
            121.6803184,
            25.0881574
          ],
          [
            121.679634,
            25.0878651
          ],
          [
            121.6789479,
            25.0874018
          ],
          [
            121.677284,
            25.0859127
          ],
          [
            121.6768335,
            25.0852243
          ],
          [
            121.6751692,
            25.0835033
          ],
          [
            121.6740665,
            25.0829443
          ],
          [
            121.6732412,
            25.0829569
          ],
          [
            121.6718889,
            25.0827622
          ],
          [
            121.6712736,
            25.0825197
          ],
          [
            121.6710737,
            25.0823673
          ],
          [
            121.6708591,
            25.081977
          ],
          [
            121.6701952,
            25.0810752
          ],
          [
            121.6698465,
            25.0807101
          ],
          [
            121.6694478,
            25.0802199
          ],
          [
            121.6679394,
            25.0791191
          ],
          [
            121.6663393,
            25.0781021
          ],
          [
            121.6654567,
            25.0773981
          ],
          [
            121.6634466,
            25.0766268
          ],
          [
            121.6631677,
            25.0765198
          ],
          [
            121.6615424,
            25.0760865
          ],
          [
            121.6606126,
            25.075564
          ],
          [
            121.6597791,
            25.0743399
          ],
          [
            121.6596917,
            25.0740623
          ],
          [
            121.6596089,
            25.0734279
          ],
          [
            121.6590245,
            25.070922
          ],
          [
            121.6585738,
            25.0703347
          ],
          [
            121.6582201,
            25.0699609
          ],
          [
            121.6573779,
            25.069568
          ],
          [
            121.6570619,
            25.0694206
          ],
          [
            121.6557883,
            25.068723
          ]
        ]
      }
    },
    {
      "type": "Feature",
      "properties": {
        "river_id": "11403011",
        "upstream_site_id": "1009",
        "downstream_site_id": "1010"
      },
      "geometry": {
        "type": "LineString",
        "coordinates": [
          [
            121.655611,
            25.0686259
          ],
          [
            121.6553074,
            25.0684596
          ],
          [
            121.6551354,
            25.068382
          ],
          [
            121.6538793,
            25.0682264
          ],
          [
            121.6528152,
            25.0681991
          ],
          [
            121.6514588,
            25.0684382
          ],
          [
            121.6503843,
            25.0683051
          ],
          [
            121.6497063,
            25.0683916
          ],
          [
            121.6491457,
            25.0685558
          ],
          [
            121.6485985,
            25.068636
          ],
          [
            121.6483587,
            25.0690758
          ],
          [
            121.6482482,
            25.0694759
          ],
          [
            121.6485517,
            25.0700927
          ],
          [
            121.6496448,
            25.0720854
          ],
          [
            121.6499326,
            25.0728225
          ],
          [
            121.6501134,
            25.0735742
          ],
          [
            121.6499058,
            25.0743214
          ],
          [
            121.6496394,
            25.0747038
          ],
          [
            121.6494585,
            25.0749245
          ],
          [
            121.6487327,
            25.0754892
          ],
          [
            121.6487139,
            25.0755
          ],
          [
            121.6458438,
            25.0752945
          ],
          [
            121.645684,
            25.0752831
          ],
          [
            121.6450143,
            25.0752559
          ],
          [
            121.6441801,
            25.0752389
          ],
          [
            121.6427567,
            25.0748961
          ],
          [
            121.6414378,
            25.0742579
          ],
          [
            121.6411129,
            25.0738586
          ],
          [
            121.6407232,
            25.0729891
          ],
          [
            121.6406143,
            25.0722543
          ],
          [
            121.6405223,
            25.0716342
          ],
          [
            121.6403533,
            25.0708616
          ],
          [
            121.6400167,
            25.0702707
          ],
          [
            121.6395803,
            25.0691274
          ],
          [
            121.6390908,
            25.0678687
          ],
          [
            121.6382032,
            25.0656044
          ],
          [
            121.636872,
            25.0641161
          ],
          [
            121.6362897,
            25.0635885
          ],
          [
            121.6357356,
            25.0633897
          ],
          [
            121.6344948,
            25.0632425
          ],
          [
            121.6336507,
            25.0628271
          ],
          [
            121.6328696,
            25.0623856
          ],
          [
            121.6322217,
            25.0617055
          ],
          [
            121.631482,
            25.0608869
          ],
          [
            121.6311328,
            25.0603358
          ],
          [
            121.6307494,
            25.0596333
          ],
          [
            121.6300268,
            25.0582512
          ],
          [
            121.6294502,
            25.0560948
          ],
          [
            121.6284995,
            25.0547784
          ],
          [
            121.627727,
            25.0543583
          ],
          [
            121.6262259,
            25.0544892
          ],
          [
            121.62469,
            25.0553846
          ],
          [
            121.6240458,
            25.056279
          ],
          [
            121.623454,
            25.0572081
          ],
          [
            121.6231529,
            25.0578313
          ],
          [
            121.6229267,
            25.058612
          ],
          [
            121.6210346,
            25.0612142
          ],
          [
            121.619143,
            25.0627297
          ],
          [
            121.6182319,
            25.0633338
          ],
          [
            121.6161156,
            25.0639924
          ],
          [
            121.6147563,
            25.0644027
          ],
          [
            121.6137614,
            25.0643817
          ],
          [
            121.6130303,
            25.0642569
          ],
          [
            121.6122427,
            25.0637303
          ],
          [
            121.6115717,
            25.0623569
          ],
          [
            121.6105828,
            25.0612534
          ],
          [
            121.6093465,
            25.0604318
          ],
          [
            121.6078137,
            25.0598548
          ],
          [
            121.6056282,
            25.0592465
          ],
          [
            121.6023153,
            25.0590149
          ],
          [
            121.5986962,
            25.0589751
          ],
          [
            121.5981189,
            25.0589989
          ],
          [
            121.5968569,
            25.0594732
          ],
          [
            121.595431,
            25.0599534
          ],
          [
            121.5937316,
            25.0600471
          ],
          [
            121.5917271,
            25.0588085
          ],
          [
            121.5907285,
            25.0578111
          ],
          [
            121.5896299,
            25.05674
          ],
          [
            121.5883253,
            25.0556632
          ],
          [
            121.586555,
            25.0546038
          ],
          [
            121.5845338,
            25.0540174
          ],
          [
            121.5820769,
            25.0533953
          ],
          [
            121.579893,
            25.0529154
          ],
          [
            121.5788475,
            25.0526857
          ],
          [
            121.5748578,
            25.0518224
          ],
          [
            121.5741998,
            25.0517617
          ],
          [
            121.5736067,
            25.0517883
          ],
          [
            121.5730868,
            25.05192
          ],
          [
            121.5726843,
            25.0520883
          ],
          [
            121.5720439,
            25.0527361
          ],
          [
            121.5718732,
            25.0530207
          ],
          [
            121.5717389,
            25.0534086
          ],
          [
            121.5716817,
            25.0539931
          ],
          [
            121.5717099,
            25.0550262
          ],
          [
            121.5712504,
            25.059296
          ],
          [
            121.5700038,
            25.0626728
          ],
          [
            121.5695957,
            25.0635059
          ]
        ]
      }
    },
    {
      "type": "Feature",
      "properties": {
        "river_id": "11403011",
        "upstream_site_id": "1010",
        "downstream_site_id": "1011"
      },
      "geometry": {
        "type": "LineString",
        "coordinates": [
          [
            121.5695957,
            25.0635059
          ],
          [
            121.5695432,
            25.0636132
          ],
          [
            121.5695798,
            25.0645911
          ],
          [
            121.5713627,
            25.0674263
          ],
          [
            121.5720125,
            25.0697425
          ],
          [
            121.5719613,
            25.0720865
          ],
          [
            121.5714911,
            25.0737583
          ],
          [
            121.5712621,
            25.0740969
          ],
          [
            121.5705959,
            25.075082
          ],
          [
            121.5697,
            25.0757123
          ],
          [
            121.5686486,
            25.0756832
          ],
          [
            121.5678225,
            25.0751681
          ],
          [
            121.5645911,
            25.0730985
          ],
          [
            121.5629807,
            25.072455
          ],
          [
            121.560929,
            25.0725612
          ],
          [
            121.5579085,
            25.0740784
          ],
          [
            121.5562311,
            25.0746859
          ],
          [
            121.5559515,
            25.0747611
          ],
          [
            121.5542714,
            25.0753401
          ],
          [
            121.5524687,
            25.0755049
          ],
          [
            121.5482462,
            25.0758897
          ],
          [
            121.5452274,
            25.0761469
          ],
          [
            121.5444381,
            25.0761941
          ]
        ]
      }
    },
    {
      "type": "Feature",
      "properties": {
        "river_id": "11403011",
        "upstream_site_id": "1011",
        "downstream_site_id": "1012"
      },
      "geometry": {
        "type": "LineString",
        "coordinates": [
          [
            121.5444381,
            25.0761941
          ],
          [
            121.5338475,
            25.0768279
          ],
          [
            121.5322006,
            25.0769264
          ],
          [
            121.5295352,
            25.0768571
          ],
          [
            121.5287918,
            25.0765776
          ],
          [
            121.5284248,
            25.0763032
          ],
          [
            121.5281083,
            25.0759055
          ],
          [
            121.527942,
            25.0754917
          ],
          [
            121.5279835,
            25.0749844
          ],
          [
            121.5281029,
            25.0742187
          ],
          [
            121.5279451,
            25.0734682
          ],
          [
            121.5278025,
            25.0731838
          ],
          [
            121.5275397,
            25.0729408
          ],
          [
            121.5272637,
            25.0728156
          ],
          [
            121.5270622,
            25.072727
          ],
          [
            121.5268289,
            25.0727052
          ],
          [
            121.5265553,
            25.0727197
          ],
          [
            121.5263273,
            25.0727853
          ],
          [
            121.526026,
            25.0729212
          ],
          [
            121.5256755,
            25.0732129
          ],
          [
            121.525431,
            25.0734874
          ],
          [
            121.5250385,
            25.0741672
          ],
          [
            121.5246633,
            25.0748021
          ],
          [
            121.5234734,
            25.076443
          ],
          [
            121.5224552,
            25.0771227
          ],
          [
            121.5218277,
            25.07766
          ],
          [
            121.5173687,
            25.0794436
          ],
          [
            121.5162429,
            25.0801707
          ],
          [
            121.5149235,
            25.0819413
          ],
          [
            121.5144054,
            25.0835823
          ],
          [
            121.513772,
            25.0870752
          ],
          [
            121.5137525,
            25.0884354
          ]
        ]
      }
    },
    {
      "type": "Feature",
      "properties": {
        "river_id": "11403011",
        "upstream_site_id": "1012",
        "downstream_site_id": "1037"
      },
      "geometry": {
        "type": "LineString",
        "coordinates": [
          [
            121.5137525,
            25.0884354
          ],
          [
            121.513772,
            25.0870752
          ],
          [
            121.5144054,
            25.0835823
          ],
          [
            121.5149235,
            25.0819413
          ],
          [
            121.5162429,
            25.0801707
          ],
          [
            121.5173687,
            25.0794436
          ],
          [
            121.5218277,
            25.07766
          ],
          [
            121.5224552,
            25.0771227
          ],
          [
            121.5234734,
            25.076443
          ],
          [
            121.5246633,
            25.0748021
          ],
          [
            121.5250385,
            25.0741672
          ],
          [
            121.525431,
            25.0734874
          ],
          [
            121.5256755,
            25.0732129
          ],
          [
            121.526026,
            25.0729212
          ],
          [
            121.5263273,
            25.0727853
          ],
          [
            121.5265553,
            25.0727197
          ],
          [
            121.5268289,
            25.0727052
          ],
          [
            121.5270622,
            25.072727
          ],
          [
            121.5272637,
            25.0728156
          ],
          [
            121.5275397,
            25.0729408
          ],
          [
            121.5278025,
            25.0731838
          ],
          [
            121.5279451,
            25.0734682
          ],
          [
            121.5281029,
            25.0742187
          ],
          [
            121.5279835,
            25.0749844
          ],
          [
            121.527942,
            25.0754917
          ],
          [
            121.5281083,
            25.0759055
          ],
          [
            121.5284248,
            25.0763032
          ],
          [
            121.5287918,
            25.0765776
          ],
          [
            121.5295352,
            25.0768571
          ],
          [
            121.5322006,
            25.0769264
          ],
          [
            121.5338475,
            25.0768279
          ],
          [
            121.5452274,
            25.0761469
          ],
          [
            121.5482462,
            25.0758897
          ],
          [
            121.5524687,
            25.0755049
          ],
          [
            121.5542714,
            25.0753401
          ],
          [
            121.5559515,
            25.0747611
          ],
          [
            121.5562311,
            25.0746859
          ],
          [
            121.5579085,
            25.0740784
          ],
          [
            121.560929,
            25.0725612
          ],
          [
            121.5629807,
            25.072455
          ],
          [
            121.5645911,
            25.0730985
          ],
          [
            121.5678225,
            25.0751681
          ],
          [
            121.5686486,
            25.0756832
          ],
          [
            121.5697,
            25.0757123
          ],
          [
            121.5705959,
            25.075082
          ],
          [
            121.5712621,
            25.0740969
          ],
          [
            121.5714911,
            25.0737583
          ],
          [
            121.5719613,
            25.0720865
          ],
          [
            121.5720125,
            25.0697425
          ],
          [
            121.5713627,
            25.0674263
          ],
          [
            121.5695798,
            25.0645911
          ],
          [
            121.5695432,
            25.0636132
          ],
          [
            121.5700038,
            25.0626728
          ],
          [
            121.5712504,
            25.059296
          ],
          [
            121.5717099,
            25.0550262
          ],
          [
            121.5716817,
            25.0539931
          ],
          [
            121.5717389,
            25.0534086
          ],
          [
            121.5718732,
            25.0530207
          ],
          [
            121.5720439,
            25.0527361
          ],
          [
            121.5726843,
            25.0520883
          ],
          [
            121.5730868,
            25.05192
          ],
          [
            121.5736067,
            25.0517883
          ],
          [
            121.5741998,
            25.0517617
          ],
          [
            121.5748578,
            25.0518224
          ],
          [
            121.5788475,
            25.0526857
          ],
          [
            121.579893,
            25.0529154
          ],
          [
            121.5820769,
            25.0533953
          ],
          [
            121.5845338,
            25.0540174
          ],
          [
            121.586555,
            25.0546038
          ],
          [
            121.5883253,
            25.0556632
          ],
          [
            121.5896299,
            25.05674
          ],
          [
            121.5907285,
            25.0578111
          ],
          [
            121.5917271,
            25.0588085
          ],
          [
            121.5937316,
            25.0600471
          ],
          [
            121.595431,
            25.0599534
          ],
          [
            121.5968569,
            25.0594732
          ],
          [
            121.5981189,
            25.0589989
          ],
          [
            121.5986962,
            25.0589751
          ],
          [
            121.6023153,
            25.0590149
          ],
          [
            121.6056282,
            25.0592465
          ],
          [
            121.6078137,
            25.0598548
          ],
          [
            121.6093465,
            25.0604318
          ],
          [
            121.6105828,
            25.0612534
          ],
          [
            121.6115717,
            25.0623569
          ],
          [
            121.6122427,
            25.0637303
          ],
          [
            121.6130303,
            25.0642569
          ],
          [
            121.6137614,
            25.0643817
          ],
          [
            121.6147563,
            25.0644027
          ],
          [
            121.6161156,
            25.0639924
          ],
          [
            121.6182319,
            25.0633338
          ],
          [
            121.619143,
            25.0627297
          ],
          [
            121.6210346,
            25.0612142
          ],
          [
            121.6229267,
            25.058612
          ],
          [
            121.6231529,
            25.0578313
          ],
          [
            121.623454,
            25.0572081
          ],
          [
            121.6240458,
            25.056279
          ],
          [
            121.62469,
            25.0553846
          ],
          [
            121.6262259,
            25.0544892
          ],
          [
            121.627727,
            25.0543583
          ],
          [
            121.6284995,
            25.0547784
          ],
          [
            121.6294502,
            25.0560948
          ],
          [
            121.6300268,
            25.0582512
          ],
          [
            121.6307494,
            25.0596333
          ],
          [
            121.6311328,
            25.0603358
          ],
          [
            121.631482,
            25.0608869
          ],
          [
            121.6322217,
            25.0617055
          ],
          [
            121.6328696,
            25.0623856
          ],
          [
            121.6336507,
            25.0628271
          ],
          [
            121.6344948,
            25.0632425
          ],
          [
            121.6357356,
            25.0633897
          ],
          [
            121.6362897,
            25.0635885
          ],
          [
            121.636872,
            25.0641161
          ],
          [
            121.6382032,
            25.0656044
          ],
          [
            121.6390908,
            25.0678687
          ],
          [
            121.6395803,
            25.0691274
          ],
          [
            121.6400167,
            25.0702707
          ],
          [
            121.6403533,
            25.0708616
          ],
          [
            121.6405223,
            25.0716342
          ],
          [
            121.6406143,
            25.0722543
          ],
          [
            121.6407232,
            25.0729891
          ],
          [
            121.6411129,
            25.0738586
          ],
          [
            121.6414378,
            25.0742579
          ],
          [
            121.6427567,
            25.0748961
          ],
          [
            121.6441801,
            25.0752389
          ],
          [
            121.6450143,
            25.0752559
          ],
          [
            121.645684,
            25.0752831
          ],
          [
            121.6458438,
            25.0752945
          ],
          [
            121.6487139,
            25.0755
          ],
          [
            121.6487327,
            25.0754892
          ],
          [
            121.6494585,
            25.0749245
          ],
          [
            121.6496394,
            25.0747038
          ],
          [
            121.6499058,
            25.0743214
          ],
          [
            121.6501134,
            25.0735742
          ],
          [
            121.6499326,
            25.0728225
          ],
          [
            121.6496448,
            25.0720854
          ],
          [
            121.6485517,
            25.0700927
          ],
          [
            121.6482482,
            25.0694759
          ],
          [
            121.6483587,
            25.0690758
          ],
          [
            121.6485985,
            25.068636
          ],
          [
            121.6491457,
            25.0685558
          ],
          [
            121.6497063,
            25.0683916
          ],
          [
            121.6503843,
            25.0683051
          ],
          [
            121.6514588,
            25.0684382
          ],
          [
            121.6528152,
            25.0681991
          ],
          [
            121.6538793,
            25.0682264
          ],
          [
            121.6551354,
            25.068382
          ],
          [
            121.6553074,
            25.0684596
          ],
          [
            121.6570619,
            25.0694206
          ],
          [
            121.6573779,
            25.069568
          ],
          [
            121.6582201,
            25.0699609
          ],
          [
            121.6585738,
            25.0703347
          ],
          [
            121.6590245,
            25.070922
          ],
          [
            121.6596089,
            25.0734279
          ],
          [
            121.6596917,
            25.0740623
          ],
          [
            121.6597791,
            25.0743399
          ],
          [
            121.6606126,
            25.075564
          ],
          [
            121.6615424,
            25.0760865
          ],
          [
            121.6631677,
            25.0765198
          ],
          [
            121.6634466,
            25.0766268
          ],
          [
            121.6654567,
            25.0773981
          ],
          [
            121.6663393,
            25.0781021
          ],
          [
            121.6679394,
            25.0791191
          ],
          [
            121.6694478,
            25.0802199
          ],
          [
            121.6698465,
            25.0807101
          ],
          [
            121.6701952,
            25.0810752
          ],
          [
            121.6708591,
            25.081977
          ],
          [
            121.6710737,
            25.0823673
          ],
          [
            121.6712736,
            25.0825197
          ],
          [
            121.6718889,
            25.0827622
          ],
          [
            121.6732412,
            25.0829569
          ],
          [
            121.6740665,
            25.0829443
          ],
          [
            121.6751692,
            25.0835033
          ],
          [
            121.6768335,
            25.0852243
          ],
          [
            121.677284,
            25.0859127
          ],
          [
            121.6789479,
            25.0874018
          ],
          [
            121.679634,
            25.0878651
          ],
          [
            121.6803184,
            25.0881574
          ],
          [
            121.6808732,
            25.0881763
          ],
          [
            121.6813655,
            25.0878057
          ],
          [
            121.6815443,
            25.0874573
          ],
          [
            121.6816846,
            25.0871839
          ],
          [
            121.6817955,
            25.0864742
          ],
          [
            121.6817123,
            25.0853939
          ],
          [
            121.6812893,
            25.0839932
          ],
          [
            121.6811367,
            25.0831579
          ],
          [
            121.6813447,
            25.0825235
          ],
          [
            121.681955,
            25.0823037
          ],
          [
            121.6824405,
            25.0824293
          ],
          [
            121.683852,
            25.0830075
          ],
          [
            121.6840043,
            25.0830699
          ],
          [
            121.6872845,
            25.0852557
          ],
          [
            121.6884691,
            25.0861304
          ],
          [
            121.69113,
            25.0869452
          ],
          [
            121.6918998,
            25.0869075
          ],
          [
            121.6924798,
            25.0864614
          ],
          [
            121.6928859,
            25.0858664
          ],
          [
            121.6931655,
            25.08497
          ],
          [
            121.6933475,
            25.0842706
          ],
          [
            121.6936094,
            25.0826225
          ],
          [
            121.6933453,
            25.081927
          ],
          [
            121.6915833,
            25.0808658
          ],
          [
            121.6910839,
            25.0803714
          ],
          [
            121.690933,
            25.0798447
          ],
          [
            121.6911436,
            25.0795666
          ],
          [
            121.6913636,
            25.079282
          ],
          [
            121.6926551,
            25.0787996
          ],
          [
            121.6933009,
            25.0786629
          ],
          [
            121.6940421,
            25.0785704
          ],
          [
            121.6954225,
            25.0789081
          ],
          [
            121.6982009,
            25.0797
          ],
          [
            121.6993815,
            25.0798729
          ],
          [
            121.7008062,
            25.0803834
          ],
          [
            121.7014231,
            25.0810628
          ],
          [
            121.7015874,
            25.0816256
          ],
          [
            121.7015519,
            25.0820235
          ],
          [
            121.7004423,
            25.0843791
          ],
          [
            121.6994858,
            25.0862765
          ],
          [
            121.6985493,
            25.0886762
          ],
          [
            121.6977881,
            25.0904569
          ],
          [
            121.6971956,
            25.0917552
          ],
          [
            121.6974441,
            25.0928324
          ],
          [
            121.697919,
            25.0943357
          ],
          [
            121.6984339,
            25.0954973
          ],
          [
            121.6991818,
            25.0963213
          ],
          [
            121.6998608,
            25.0967875
          ],
          [
            121.7009216,
            25.0967996
          ],
          [
            121.7020601,
            25.0968599
          ],
          [
            121.7030676,
            25.096671
          ],
          [
            121.7034848,
            25.0964459
          ],
          [
            121.7036534,
            25.095437
          ],
          [
            121.7037244,
            25.0946452
          ],
          [
            121.7040706,
            25.0934474
          ],
          [
            121.7043769,
            25.0929329
          ],
          [
            121.7057217,
            25.0918637
          ],
          [
            121.7068291,
            25.091305
          ],
          [
            121.7074327,
            25.0912246
          ],
          [
            121.7087997,
            25.0920366
          ],
          [
            121.7095035,
            25.0927122
          ],
          [
            121.7097068,
            25.0931353
          ],
          [
            121.7098059,
            25.0935343
          ],
          [
            121.7098354,
            25.094063
          ],
          [
            121.7098378,
            25.0944809
          ],
          [
            121.7096541,
            25.0955214
          ],
          [
            121.7089151,
            25.0964781
          ],
          [
            121.7084762,
            25.0966548
          ],
          [
            121.7078977,
            25.0968679
          ],
          [
            121.7075572,
            25.0969528
          ],
          [
            121.7073412,
            25.0970238
          ],
          [
            121.7072121,
            25.0971158
          ],
          [
            121.7071474,
            25.0972321
          ],
          [
            121.7071314,
            25.0974041
          ],
          [
            121.7071891,
            25.0975702
          ],
          [
            121.7072602,
            25.0977387
          ],
          [
            121.7074223,
            25.0979521
          ],
          [
            121.7076058,
            25.0981461
          ],
          [
            121.7087154,
            25.0989298
          ],
          [
            121.7102777,
            25.0997015
          ],
          [
            121.7128165,
            25.1005094
          ],
          [
            121.7130032,
            25.1005504
          ],
          [
            121.7148315,
            25.1009515
          ],
          [
            121.7159455,
            25.1008953
          ],
          [
            121.7178424,
            25.100337
          ],
          [
            121.7182434,
            25.1002846
          ],
          [
            121.7187209,
            25.1002846
          ],
          [
            121.7191897,
            25.1003458
          ],
          [
            121.719885,
            25.1004478
          ],
          [
            121.7204522,
            25.100527
          ],
          [
            121.7209761,
            25.1006669
          ],
          [
            121.7215525,
            25.1009265
          ],
          [
            121.722672,
            25.1015026
          ],
          [
            121.7228166,
            25.101577
          ],
          [
            121.7234174,
            25.1020001
          ],
          [
            121.723886,
            25.1024096
          ],
          [
            121.7242089,
            25.1027506
          ],
          [
            121.7244147,
            25.1031249
          ],
          [
            121.7247457,
            25.1039485
          ],
          [
            121.7250536,
            25.1047051
          ],
          [
            121.7252595,
            25.1055856
          ],
          [
            121.7255136,
            25.1068505
          ],
          [
            121.7257528,
            25.1074679
          ],
          [
            121.726065,
            25.1080452
          ],
          [
            121.7263939,
            25.1086228
          ],
          [
            121.7269853,
            25.1095377
          ],
          [
            121.7271597,
            25.1097651
          ],
          [
            121.7273917,
            25.1100027
          ],
          [
            121.7275914,
            25.110184
          ],
          [
            121.7278942,
            25.1103653
          ],
          [
            121.7282428,
            25.1105224
          ],
          [
            121.728803,
            25.1107187
          ],
          [
            121.7311357,
            25.1113527
          ],
          [
            121.7314479,
            25.1113902
          ],
          [
            121.7316762,
            25.1113586
          ],
          [
            121.731963,
            25.1112576
          ],
          [
            121.7321662,
            25.1111154
          ],
          [
            121.7324751,
            25.1108651
          ],
          [
            121.7329994,
            25.1101627
          ],
          [
            121.7341489,
            25.1086709
          ],
          [
            121.7345628,
            25.1081002
          ],
          [
            121.7350168,
            25.1071789
          ],
          [
            121.7359271,
            25.1056309
          ],
          [
            121.7365861,
            25.1048386
          ],
          [
            121.737524,
            25.10392
          ],
          [
            121.7377031,
            25.103787
          ],
          [
            121.7386355,
            25.1034473
          ],
          [
            121.7390414,
            25.1032994
          ],
          [
            121.7392745,
            25.1032267
          ],
          [
            121.7409992,
            25.1028919
          ],
          [
            121.7417241,
            25.1028631
          ],
          [
            121.7428194,
            25.1026491
          ],
          [
            121.7441637,
            25.102748
          ],
          [
            121.7449201,
            25.1028428
          ],
          [
            121.7458213,
            25.1027983
          ],
          [
            121.746327,
            25.1023471
          ],
          [
            121.746503,
            25.102112
          ],
          [
            121.7469189,
            25.1014535
          ],
          [
            121.747195,
            25.1007847
          ],
          [
            121.7471746,
            25.1001921
          ],
          [
            121.7473155,
            25.0996925
          ],
          [
            121.7475385,
            25.0994897
          ],
          [
            121.7479006,
            25.0993236
          ],
          [
            121.7483642,
            25.0992701
          ],
          [
            121.7491777,
            25.0993895
          ],
          [
            121.7501591,
            25.0996721
          ],
          [
            121.7507039,
            25.0998349
          ],
          [
            121.7507071,
            25.0998402
          ],
          [
            121.7519558,
            25.1002991
          ],
          [
            121.7525866,
            25.1005133
          ],
          [
            121.753834,
            25.101009
          ],
          [
            121.7546198,
            25.1012551
          ],
          [
            121.7551588,
            25.1013506
          ],
          [
            121.7557337,
            25.1015142
          ],
          [
            121.7561854,
            25.1016752
          ],
          [
            121.7563468,
            25.1017408
          ],
          [
            121.7566761,
            25.1017108
          ],
          [
            121.7573207,
            25.1015475
          ],
          [
            121.7578312,
            25.1013648
          ],
          [
            121.7591963,
            25.1008843
          ],
          [
            121.7598584,
            25.1006116
          ],
          [
            121.7606343,
            25.100297
          ],
          [
            121.7609573,
            25.1002052
          ],
          [
            121.7613587,
            25.1000994
          ],
          [
            121.7619829,
            25.100015
          ],
          [
            121.7625296,
            25.0998039
          ],
          [
            121.7628707,
            25.0994536
          ],
          [
            121.7631398,
            25.0993113
          ],
          [
            121.7634045,
            25.0991377
          ],
          [
            121.7638505,
            25.0990554
          ],
          [
            121.7644839,
            25.0988908
          ],
          [
            121.7651827,
            25.0988933
          ],
          [
            121.7656457,
            25.0991197
          ],
          [
            121.765978,
            25.09984
          ],
          [
            121.7663246,
            25.1008303
          ],
          [
            121.7665327,
            25.1013278
          ],
          [
            121.7666797,
            25.1016792
          ],
          [
            121.7674296,
            25.1026052
          ],
          [
            121.7679295,
            25.1033383
          ],
          [
            121.7683708,
            25.1045614
          ],
          [
            121.7692972,
            25.1055941
          ],
          [
            121.7699335,
            25.1062783
          ],
          [
            121.7702105,
            25.1065818
          ],
          [
            121.7703086,
            25.1071305
          ],
          [
            121.7704292,
            25.1075979
          ],
          [
            121.7705599,
            25.1082538
          ],
          [
            121.7709504,
            25.1088788
          ],
          [
            121.7711873,
            25.1090056
          ],
          [
            121.7714021,
            25.1091206
          ],
          [
            121.771656,
            25.109079
          ],
          [
            121.7719986,
            25.1090228
          ],
          [
            121.772865,
            25.1088685
          ],
          [
            121.7735377,
            25.1088092
          ],
          [
            121.7742512,
            25.1087167
          ],
          [
            121.7752539,
            25.1086884
          ],
          [
            121.7755867,
            25.1085017
          ],
          [
            121.776001,
            25.1082692
          ],
          [
            121.7764413,
            25.1076544
          ],
          [
            121.7765861,
            25.1072146
          ],
          [
            121.7767253,
            25.1066076
          ],
          [
            121.7766032,
            25.1058925
          ],
          [
            121.7763433,
            25.1054964
          ],
          [
            121.7759115,
            25.104645
          ],
          [
            121.7759172,
            25.1044848
          ],
          [
            121.7759399,
            25.1038424
          ],
          [
            121.7758746,
            25.1030347
          ],
          [
            121.7759067,
            25.1027384
          ],
          [
            121.7759314,
            25.10251
          ],
          [
            121.7756615,
            25.1023248
          ],
          [
            121.7755649,
            25.1021087
          ],
          [
            121.775724,
            25.1017435
          ],
          [
            121.7760592,
            25.1014657
          ],
          [
            121.7765236,
            25.100874
          ],
          [
            121.7767026,
            25.1005113
          ],
          [
            121.7770378,
            25.100357
          ],
          [
            121.7777479,
            25.100429
          ],
          [
            121.7791966,
            25.1005936
          ],
          [
            121.7807094,
            25.1009881
          ],
          [
            121.7809478,
            25.1010438
          ],
          [
            121.7816949,
            25.1011544
          ],
          [
            121.7824235,
            25.1008071
          ],
          [
            121.783216,
            25.1005345
          ],
          [
            121.78368,
            25.1005329
          ],
          [
            121.7840014,
            25.1010247
          ],
          [
            121.7841556,
            25.1017359
          ],
          [
            121.7842289,
            25.1022112
          ],
          [
            121.7842542,
            25.1026232
          ],
          [
            121.784081,
            25.1036392
          ],
          [
            121.7844772,
            25.1040842
          ],
          [
            121.7848436,
            25.104591
          ],
          [
            121.7852121,
            25.1051378
          ],
          [
            121.7855808,
            25.1057665
          ],
          [
            121.7857967,
            25.106533
          ],
          [
            121.7859964,
            25.1075717
          ],
          [
            121.7862242,
            25.108601
          ],
          [
            121.7869499,
            25.1097842
          ],
          [
            121.7883588,
            25.1107307
          ],
          [
            121.7891088,
            25.111294
          ],
          [
            121.790305,
            25.1120595
          ],
          [
            121.7915889,
            25.1126409
          ],
          [
            121.7921371,
            25.1127205
          ],
          [
            121.7926769,
            25.1128774
          ],
          [
            121.7935574,
            25.1128543
          ],
          [
            121.7945971,
            25.1125739
          ],
          [
            121.7946444,
            25.1125655
          ],
          [
            121.7958904,
            25.1123447
          ],
          [
            121.7965088,
            25.1122627
          ],
          [
            121.7970429,
            25.1123012
          ],
          [
            121.797316,
            25.1122036
          ],
          [
            121.7976202,
            25.1117924
          ],
          [
            121.797975,
            25.1110257
          ],
          [
            121.7985466,
            25.1102982
          ],
          [
            121.7988875,
            25.1096551
          ],
          [
            121.7992241,
            25.1089864
          ],
          [
            121.7994655,
            25.108562
          ],
          [
            121.7998035,
            25.1081196
          ],
          [
            121.8006347,
            25.107958
          ],
          [
            121.8013786,
            25.1077312
          ],
          [
            121.8023444,
            25.1074379
          ],
          [
            121.8033528,
            25.1071499
          ],
          [
            121.8048009,
            25.1066446
          ],
          [
            121.8053994,
            25.1064357
          ],
          [
            121.8067469,
            25.1056623
          ],
          [
            121.807629,
            25.1054799
          ],
          [
            121.8079743,
            25.1056458
          ],
          [
            121.8083666,
            25.1059562
          ],
          [
            121.808861,
            25.1064648
          ],
          [
            121.8093637,
            25.1068391
          ],
          [
            121.8097767,
            25.1072061
          ],
          [
            121.8108452,
            25.1075159
          ],
          [
            121.812099,
            25.1075852
          ],
          [
            121.8126987,
            25.1076051
          ],
          [
            121.8145065,
            25.1082031
          ],
          [
            121.8155572,
            25.1083597
          ],
          [
            121.8160783,
            25.1084018
          ],
          [
            121.8166338,
            25.1080719
          ],
          [
            121.8168789,
            25.1079898
          ],
          [
            121.8171837,
            25.1079656
          ],
          [
            121.8175155,
            25.1078062
          ],
          [
            121.8177982,
            25.107361
          ],
          [
            121.8179317,
            25.1069511
          ],
          [
            121.8181799,
            25.1065675
          ],
          [
            121.8182181,
            25.1065084
          ],
          [
            121.8187446,
            25.1056945
          ],
          [
            121.8198604,
            25.1043926
          ],
          [
            121.8207079,
            25.1039263
          ],
          [
            121.8215129,
            25.1034176
          ],
          [
            121.8220219,
            25.1033338
          ],
          [
            121.8223691,
            25.1032766
          ],
          [
            121.8226005,
            25.1033641
          ],
          [
            121.8232475,
            25.1036089
          ],
          [
            121.8235478,
            25.1043339
          ],
          [
            121.8245785,
            25.1058008
          ],
          [
            121.8251603,
            25.1063134
          ],
          [
            121.826371,
            25.106511
          ],
          [
            121.8272879,
            25.1065037
          ],
          [
            121.828082,
            25.106244
          ],
          [
            121.8289851,
            25.1057528
          ],
          [
            121.8293446,
            25.1055861
          ],
          [
            121.8296996,
            25.1054292
          ],
          [
            121.8298332,
            25.105341
          ],
          [
            121.8299194,
            25.1052679
          ],
          [
            121.8299975,
            25.1051885
          ],
          [
            121.8300791,
            25.1050774
          ],
          [
            121.8301404,
            25.1049574
          ],
          [
            121.8301834,
            25.1048525
          ],
          [
            121.8302196,
            25.1047279
          ],
          [
            121.8302677,
            25.103708
          ],
          [
            121.8302843,
            25.1035715
          ],
          [
            121.8303379,
            25.1034238
          ],
          [
            121.8305071,
            25.1029705
          ],
          [
            121.8309081,
            25.1024009
          ],
          [
            121.8317022,
            25.1019737
          ],
          [
            121.8326851,
            25.1012973
          ],
          [
            121.8329823,
            25.1010793
          ],
          [
            121.8337466,
            25.1003289
          ],
          [
            121.8339124,
            25.0994054
          ],
          [
            121.8338601,
            25.098458
          ],
          [
            121.8335929,
            25.0978158
          ],
          [
            121.8335201,
            25.0976409
          ],
          [
            121.8330101,
            25.0966106
          ],
          [
            121.8325916,
            25.0956988
          ],
          [
            121.8323432,
            25.0947632
          ],
          [
            121.8323562,
            25.0938987
          ],
          [
            121.8323693,
            25.0930579
          ],
          [
            121.8322428,
            25.092594
          ],
          [
            121.8321078,
            25.0920986
          ],
          [
            121.8316139,
            25.0908608
          ],
          [
            121.8315455,
            25.0906894
          ],
          [
            121.8310355,
            25.0901327
          ],
          [
            121.8306695,
            25.0898954
          ],
          [
            121.8299763,
            25.0894459
          ],
          [
            121.8291394,
            25.0888774
          ],
          [
            121.828734,
            25.0883089
          ],
          [
            121.8285697,
            25.0876841
          ],
          [
            121.8285433,
            25.08722
          ],
          [
            121.8285325,
            25.0870292
          ],
          [
            121.828505,
            25.0865562
          ],
          [
            121.8277205,
            25.0859729
          ],
          [
            121.8275146,
            25.0857804
          ],
          [
            121.8272234,
            25.0854681
          ],
          [
            121.8271714,
            25.0854123
          ],
          [
            121.8269295,
            25.0850037
          ],
          [
            121.8266319,
            25.0847027
          ],
          [
            121.8262201,
            25.084453
          ],
          [
            121.8258179,
            25.0842822
          ],
          [
            121.8254329,
            25.0840556
          ],
          [
            121.8253602,
            25.0840128
          ],
          [
            121.825138,
            25.0837986
          ],
          [
            121.8250725,
            25.0836071
          ],
          [
            121.8251248,
            25.083015
          ],
          [
            121.825164,
            25.0825294
          ],
          [
            121.8249287,
            25.0821731
          ],
          [
            121.8247946,
            25.0818365
          ],
          [
            121.8247784,
            25.0814388
          ],
          [
            121.824762,
            25.0812108
          ],
          [
            121.8248698,
            25.0808505
          ],
          [
            121.8248764,
            25.0806008
          ],
          [
            121.8249754,
            25.0803171
          ],
          [
            121.824998,
            25.0800489
          ],
          [
            121.8250733,
            25.0798586
          ],
          [
            121.8253276,
            25.0795467
          ],
          [
            121.8253347,
            25.0792613
          ],
          [
            121.8253146,
            25.0790829
          ],
          [
            121.8254013,
            25.0788825
          ],
          [
            121.8253418,
            25.0785721
          ],
          [
            121.8252648,
            25.0783208
          ],
          [
            121.8251038,
            25.0779596
          ],
          [
            121.8249109,
            25.077814
          ],
          [
            121.8245102,
            25.0771523
          ],
          [
            121.8242629,
            25.0763758
          ],
          [
            121.8242228,
            25.0758123
          ],
          [
            121.8241571,
            25.0755059
          ],
          [
            121.8240133,
            25.0747716
          ],
          [
            121.824131,
            25.0740728
          ],
          [
            121.8241918,
            25.0735613
          ],
          [
            121.8241337,
            25.0731469
          ],
          [
            121.8241555,
            25.0727193
          ],
          [
            121.8240361,
            25.0723461
          ],
          [
            121.8238982,
            25.0720967
          ],
          [
            121.8238441,
            25.0717057
          ],
          [
            121.8238865,
            25.0712432
          ],
          [
            121.824013,
            25.0709402
          ],
          [
            121.8241076,
            25.0706173
          ],
          [
            121.8240572,
            25.070235
          ],
          [
            121.8239053,
            25.0700201
          ],
          [
            121.823667,
            25.0698388
          ],
          [
            121.8232479,
            25.0696224
          ],
          [
            121.8229573,
            25.069436
          ],
          [
            121.8226958,
            25.0692133
          ],
          [
            121.8225539,
            25.0690856
          ],
          [
            121.8224526,
            25.0689944
          ],
          [
            121.8224208,
            25.0687584
          ],
          [
            121.8223448,
            25.0682734
          ],
          [
            121.8223645,
            25.0679027
          ],
          [
            121.8224143,
            25.0676326
          ],
          [
            121.822509,
            25.0668304
          ],
          [
            121.8227387,
            25.0662032
          ],
          [
            121.8228793,
            25.0658924
          ],
          [
            121.8229529,
            25.0654207
          ],
          [
            121.8229176,
            25.0650019
          ],
          [
            121.8229414,
            25.0647634
          ],
          [
            121.8228401,
            25.0642962
          ],
          [
            121.8228654,
            25.0635381
          ],
          [
            121.82287,
            25.0630189
          ],
          [
            121.8229403,
            25.0625341
          ],
          [
            121.8228861,
            25.0620345
          ],
          [
            121.8227775,
            25.0614648
          ],
          [
            121.8225504,
            25.0610026
          ],
          [
            121.8221017,
            25.0603246
          ],
          [
            121.8219375,
            25.0600194
          ],
          [
            121.8218443,
            25.0598167
          ],
          [
            121.8217625,
            25.0594302
          ],
          [
            121.8216989,
            25.0591499
          ],
          [
            121.8215833,
            25.0588327
          ],
          [
            121.821465,
            25.0585722
          ],
          [
            121.8212572,
            25.0583518
          ],
          [
            121.8209787,
            25.0582325
          ],
          [
            121.8206314,
            25.0581741
          ],
          [
            121.8201789,
            25.058189
          ],
          [
            121.8199086,
            25.058316
          ]
        ]
      }
    },
    {
      "type": "Feature",
      "properties": {
        "river_id": "11403011",
        "upstream_site_id": "1037",
        "downstream_site_id": "1038"
      },
      "geometry": {
        "type": "LineString",
        "coordinates": [
          [
            121.8151692,
            25.0610331
          ],
          [
            121.8155467,
            25.0610874
          ],
          [
            121.8159072,
            25.0610792
          ],
          [
            121.8163538,
            25.0609846
          ],
          [
            121.8168282,
            25.0607857
          ],
          [
            121.8171703,
            25.0605255
          ],
          [
            121.8176805,
            25.0600764
          ],
          [
            121.8182155,
            25.05962
          ],
          [
            121.8186042,
            25.0592483
          ],
          [
            121.8190982,
            25.0587982
          ],
          [
            121.8193475,
            25.0586064
          ],
          [
            121.8196458,
            25.0584395
          ],
          [
            121.8201789,
            25.058189
          ],
          [
            121.8206314,
            25.0581741
          ],
          [
            121.8209787,
            25.0582325
          ],
          [
            121.8212572,
            25.0583518
          ],
          [
            121.821465,
            25.0585722
          ],
          [
            121.8215833,
            25.0588327
          ],
          [
            121.8216989,
            25.0591499
          ],
          [
            121.8217625,
            25.0594302
          ],
          [
            121.8218443,
            25.0598167
          ],
          [
            121.8219375,
            25.0600194
          ],
          [
            121.8221017,
            25.0603246
          ],
          [
            121.8225504,
            25.0610026
          ],
          [
            121.8227775,
            25.0614648
          ],
          [
            121.8228861,
            25.0620345
          ],
          [
            121.8229403,
            25.0625341
          ],
          [
            121.82287,
            25.0630189
          ],
          [
            121.8228654,
            25.0635381
          ],
          [
            121.8228401,
            25.0642962
          ],
          [
            121.8229414,
            25.0647634
          ],
          [
            121.8229176,
            25.0650019
          ],
          [
            121.8229529,
            25.0654207
          ],
          [
            121.8228793,
            25.0658924
          ],
          [
            121.8227387,
            25.0662032
          ],
          [
            121.822509,
            25.0668304
          ],
          [
            121.8224143,
            25.0676326
          ],
          [
            121.8223645,
            25.0679027
          ],
          [
            121.8223448,
            25.0682734
          ],
          [
            121.8224208,
            25.0687584
          ],
          [
            121.8224526,
            25.0689944
          ],
          [
            121.8225539,
            25.0690856
          ],
          [
            121.8226958,
            25.0692133
          ],
          [
            121.8229573,
            25.069436
          ],
          [
            121.8232479,
            25.0696224
          ],
          [
            121.823667,
            25.0698388
          ],
          [
            121.8239053,
            25.0700201
          ],
          [
            121.8240572,
            25.070235
          ],
          [
            121.8241076,
            25.0706173
          ],
          [
            121.824013,
            25.0709402
          ],
          [
            121.8238865,
            25.0712432
          ],
          [
            121.8238441,
            25.0717057
          ],
          [
            121.8238982,
            25.0720967
          ],
          [
            121.8240361,
            25.0723461
          ],
          [
            121.8241555,
            25.0727193
          ],
          [
            121.8241337,
            25.0731469
          ],
          [
            121.8241918,
            25.0735613
          ],
          [
            121.824131,
            25.0740728
          ],
          [
            121.8240133,
            25.0747716
          ],
          [
            121.8241571,
            25.0755059
          ],
          [
            121.8242228,
            25.0758123
          ],
          [
            121.8242629,
            25.0763758
          ],
          [
            121.8245102,
            25.0771523
          ],
          [
            121.8249109,
            25.077814
          ],
          [
            121.8251038,
            25.0779596
          ],
          [
            121.8252648,
            25.0783208
          ],
          [
            121.8253418,
            25.0785721
          ],
          [
            121.8254013,
            25.0788825
          ],
          [
            121.8253146,
            25.0790829
          ],
          [
            121.8253347,
            25.0792613
          ],
          [
            121.8253276,
            25.0795467
          ],
          [
            121.8250733,
            25.0798586
          ],
          [
            121.824998,
            25.0800489
          ],
          [
            121.8249754,
            25.0803171
          ],
          [
            121.8248764,
            25.0806008
          ],
          [
            121.8248698,
            25.0808505
          ],
          [
            121.824762,
            25.0812108
          ],
          [
            121.8247784,
            25.0814388
          ],
          [
            121.8247946,
            25.0818365
          ],
          [
            121.8249287,
            25.0821731
          ],
          [
            121.825164,
            25.0825294
          ],
          [
            121.8251248,
            25.083015
          ],
          [
            121.8250725,
            25.0836071
          ],
          [
            121.825138,
            25.0837986
          ],
          [
            121.8253602,
            25.0840128
          ],
          [
            121.8254329,
            25.0840556
          ],
          [
            121.8258179,
            25.0842822
          ],
          [
            121.8262201,
            25.084453
          ],
          [
            121.8266319,
            25.0847027
          ],
          [
            121.8269295,
            25.0850037
          ],
          [
            121.8271714,
            25.0854123
          ],
          [
            121.8272234,
            25.0854681
          ],
          [
            121.8275146,
            25.0857804
          ],
          [
            121.8277205,
            25.0859729
          ],
          [
            121.828505,
            25.0865562
          ]
        ]
      }
    },
    {
      "type": "Feature",
      "properties": {
        "river_id": "11403011",
        "upstream_site_id": "1038",
        "downstream_site_id": "1269"
      },
      "geometry": {
        "type": "LineString",
        "coordinates": [
          [
            121.8303853,
            25.0897111
          ],
          [
            121.8306695,
            25.0898954
          ],
          [
            121.8310355,
            25.0901327
          ],
          [
            121.8315455,
            25.0906894
          ],
          [
            121.8316139,
            25.0908608
          ],
          [
            121.8321078,
            25.0920986
          ],
          [
            121.8322428,
            25.092594
          ],
          [
            121.8323693,
            25.0930579
          ],
          [
            121.8323562,
            25.0938987
          ],
          [
            121.8323432,
            25.0947632
          ],
          [
            121.8325916,
            25.0956988
          ],
          [
            121.8330101,
            25.0966106
          ],
          [
            121.8335201,
            25.0976409
          ],
          [
            121.8335929,
            25.0978158
          ],
          [
            121.8338601,
            25.098458
          ],
          [
            121.8339124,
            25.0994054
          ],
          [
            121.8337466,
            25.1003289
          ],
          [
            121.8329823,
            25.1010793
          ],
          [
            121.8326851,
            25.1012973
          ],
          [
            121.8317022,
            25.1019737
          ],
          [
            121.8309081,
            25.1024009
          ],
          [
            121.8305071,
            25.1029705
          ],
          [
            121.8303379,
            25.1034238
          ],
          [
            121.8302843,
            25.1035715
          ],
          [
            121.8302677,
            25.103708
          ],
          [
            121.8302196,
            25.1047279
          ],
          [
            121.8301834,
            25.1048525
          ],
          [
            121.8301404,
            25.1049574
          ],
          [
            121.8300791,
            25.1050774
          ],
          [
            121.8299975,
            25.1051885
          ],
          [
            121.8299194,
            25.1052679
          ],
          [
            121.8298332,
            25.105341
          ],
          [
            121.8296996,
            25.1054292
          ],
          [
            121.8293446,
            25.1055861
          ],
          [
            121.8289851,
            25.1057528
          ],
          [
            121.828082,
            25.106244
          ],
          [
            121.8272879,
            25.1065037
          ],
          [
            121.826371,
            25.106511
          ],
          [
            121.8251603,
            25.1063134
          ],
          [
            121.8245785,
            25.1058008
          ],
          [
            121.8235478,
            25.1043339
          ],
          [
            121.8232475,
            25.1036089
          ],
          [
            121.8226005,
            25.1033641
          ],
          [
            121.8223691,
            25.1032766
          ],
          [
            121.8220219,
            25.1033338
          ],
          [
            121.8215129,
            25.1034176
          ],
          [
            121.8207079,
            25.1039263
          ],
          [
            121.8198604,
            25.1043926
          ],
          [
            121.8187446,
            25.1056945
          ],
          [
            121.8182181,
            25.1065084
          ],
          [
            121.8181799,
            25.1065675
          ],
          [
            121.8179317,
            25.1069511
          ],
          [
            121.8177982,
            25.107361
          ],
          [
            121.8175155,
            25.1078062
          ],
          [
            121.8171837,
            25.1079656
          ],
          [
            121.8168789,
            25.1079898
          ],
          [
            121.8166338,
            25.1080719
          ],
          [
            121.8160783,
            25.1084018
          ],
          [
            121.8155572,
            25.1083597
          ],
          [
            121.8145065,
            25.1082031
          ],
          [
            121.8126987,
            25.1076051
          ],
          [
            121.812099,
            25.1075852
          ],
          [
            121.8108452,
            25.1075159
          ],
          [
            121.8097767,
            25.1072061
          ],
          [
            121.8093637,
            25.1068391
          ],
          [
            121.808861,
            25.1064648
          ],
          [
            121.8083666,
            25.1059562
          ],
          [
            121.8079743,
            25.1056458
          ],
          [
            121.807629,
            25.1054799
          ],
          [
            121.8067469,
            25.1056623
          ],
          [
            121.8053994,
            25.1064357
          ],
          [
            121.8048009,
            25.1066446
          ],
          [
            121.8033528,
            25.1071499
          ],
          [
            121.8023444,
            25.1074379
          ],
          [
            121.8013786,
            25.1077312
          ],
          [
            121.8006347,
            25.107958
          ],
          [
            121.7998035,
            25.1081196
          ],
          [
            121.7994655,
            25.108562
          ],
          [
            121.7992241,
            25.1089864
          ],
          [
            121.7988875,
            25.1096551
          ],
          [
            121.7985466,
            25.1102982
          ],
          [
            121.797975,
            25.1110257
          ],
          [
            121.7976202,
            25.1117924
          ],
          [
            121.797316,
            25.1122036
          ],
          [
            121.7970429,
            25.1123012
          ],
          [
            121.7965088,
            25.1122627
          ],
          [
            121.7958904,
            25.1123447
          ],
          [
            121.7946444,
            25.1125655
          ],
          [
            121.7945971,
            25.1125739
          ],
          [
            121.7935574,
            25.1128543
          ],
          [
            121.7926769,
            25.1128774
          ],
          [
            121.7921371,
            25.1127205
          ],
          [
            121.7915889,
            25.1126409
          ],
          [
            121.790305,
            25.1120595
          ],
          [
            121.7891088,
            25.111294
          ],
          [
            121.7883588,
            25.1107307
          ],
          [
            121.7869499,
            25.1097842
          ],
          [
            121.7862242,
            25.108601
          ],
          [
            121.7859964,
            25.1075717
          ],
          [
            121.7857967,
            25.106533
          ],
          [
            121.7855808,
            25.1057665
          ],
          [
            121.7852121,
            25.1051378
          ],
          [
            121.7848436,
            25.104591
          ],
          [
            121.7844772,
            25.1040842
          ],
          [
            121.784081,
            25.1036392
          ],
          [
            121.7842542,
            25.1026232
          ],
          [
            121.7842289,
            25.1022112
          ],
          [
            121.7841556,
            25.1017359
          ],
          [
            121.7840014,
            25.1010247
          ],
          [
            121.78368,
            25.1005329
          ],
          [
            121.783216,
            25.1005345
          ],
          [
            121.7824235,
            25.1008071
          ],
          [
            121.7816949,
            25.1011544
          ],
          [
            121.7809478,
            25.1010438
          ],
          [
            121.7807094,
            25.1009881
          ],
          [
            121.7791966,
            25.1005936
          ],
          [
            121.7777479,
            25.100429
          ],
          [
            121.7770378,
            25.100357
          ],
          [
            121.7767026,
            25.1005113
          ],
          [
            121.7765236,
            25.100874
          ],
          [
            121.7760592,
            25.1014657
          ],
          [
            121.775724,
            25.1017435
          ],
          [
            121.7755649,
            25.1021087
          ],
          [
            121.7756615,
            25.1023248
          ],
          [
            121.7759314,
            25.10251
          ],
          [
            121.7759067,
            25.1027384
          ],
          [
            121.7758746,
            25.1030347
          ],
          [
            121.7759399,
            25.1038424
          ],
          [
            121.7759172,
            25.1044848
          ],
          [
            121.7759115,
            25.104645
          ],
          [
            121.7763433,
            25.1054964
          ],
          [
            121.7766032,
            25.1058925
          ],
          [
            121.7767253,
            25.1066076
          ],
          [
            121.7765861,
            25.1072146
          ],
          [
            121.7764413,
            25.1076544
          ],
          [
            121.776001,
            25.1082692
          ],
          [
            121.7755867,
            25.1085017
          ],
          [
            121.7752539,
            25.1086884
          ],
          [
            121.7742512,
            25.1087167
          ],
          [
            121.7735377,
            25.1088092
          ],
          [
            121.772865,
            25.1088685
          ],
          [
            121.7719986,
            25.1090228
          ],
          [
            121.771656,
            25.109079
          ],
          [
            121.7714021,
            25.1091206
          ],
          [
            121.7711873,
            25.1090056
          ],
          [
            121.7709504,
            25.1088788
          ],
          [
            121.7705599,
            25.1082538
          ],
          [
            121.7704292,
            25.1075979
          ],
          [
            121.7703086,
            25.1071305
          ],
          [
            121.7702105,
            25.1065818
          ],
          [
            121.7699335,
            25.1062783
          ],
          [
            121.7692972,
            25.1055941
          ],
          [
            121.7683708,
            25.1045614
          ],
          [
            121.7679295,
            25.1033383
          ],
          [
            121.7674296,
            25.1026052
          ],
          [
            121.7666797,
            25.1016792
          ],
          [
            121.7665327,
            25.1013278
          ],
          [
            121.7663246,
            25.1008303
          ],
          [
            121.765978,
            25.09984
          ],
          [
            121.7656457,
            25.0991197
          ],
          [
            121.7651827,
            25.0988933
          ],
          [
            121.7644839,
            25.0988908
          ],
          [
            121.7638505,
            25.0990554
          ],
          [
            121.7634045,
            25.0991377
          ],
          [
            121.7631398,
            25.0993113
          ],
          [
            121.7628707,
            25.0994536
          ],
          [
            121.7625296,
            25.0998039
          ],
          [
            121.7619829,
            25.100015
          ],
          [
            121.7613587,
            25.1000994
          ],
          [
            121.7609573,
            25.1002052
          ],
          [
            121.7606343,
            25.100297
          ],
          [
            121.7598584,
            25.1006116
          ],
          [
            121.7591963,
            25.1008843
          ],
          [
            121.7578312,
            25.1013648
          ],
          [
            121.7573207,
            25.1015475
          ],
          [
            121.7566761,
            25.1017108
          ],
          [
            121.7563468,
            25.1017408
          ],
          [
            121.7561854,
            25.1016752
          ],
          [
            121.7557337,
            25.1015142
          ],
          [
            121.7551588,
            25.1013506
          ],
          [
            121.7546198,
            25.1012551
          ],
          [
            121.753834,
            25.101009
          ],
          [
            121.7525866,
            25.1005133
          ],
          [
            121.7519558,
            25.1002991
          ],
          [
            121.7507071,
            25.0998402
          ],
          [
            121.7507039,
            25.0998349
          ],
          [
            121.7501591,
            25.0996721
          ],
          [
            121.7491777,
            25.0993895
          ],
          [
            121.7483642,
            25.0992701
          ],
          [
            121.7479006,
            25.0993236
          ],
          [
            121.7475385,
            25.0994897
          ],
          [
            121.7473155,
            25.0996925
          ],
          [
            121.7471746,
            25.1001921
          ],
          [
            121.747195,
            25.1007847
          ],
          [
            121.7469189,
            25.1014535
          ],
          [
            121.746503,
            25.102112
          ],
          [
            121.746327,
            25.1023471
          ],
          [
            121.7458213,
            25.1027983
          ],
          [
            121.7449201,
            25.1028428
          ],
          [
            121.7441637,
            25.102748
          ],
          [
            121.7428194,
            25.1026491
          ],
          [
            121.7417241,
            25.1028631
          ],
          [
            121.7409992,
            25.1028919
          ],
          [
            121.7392745,
            25.1032267
          ],
          [
            121.7390414,
            25.1032994
          ],
          [
            121.7386355,
            25.1034473
          ],
          [
            121.7377031,
            25.103787
          ],
          [
            121.737524,
            25.10392
          ],
          [
            121.7365861,
            25.1048386
          ],
          [
            121.7359271,
            25.1056309
          ],
          [
            121.7350168,
            25.1071789
          ],
          [
            121.7345628,
            25.1081002
          ],
          [
            121.7341489,
            25.1086709
          ],
          [
            121.7329994,
            25.1101627
          ],
          [
            121.7324751,
            25.1108651
          ],
          [
            121.7321662,
            25.1111154
          ],
          [
            121.731963,
            25.1112576
          ],
          [
            121.7316762,
            25.1113586
          ],
          [
            121.7314479,
            25.1113902
          ],
          [
            121.7311357,
            25.1113527
          ],
          [
            121.728803,
            25.1107187
          ],
          [
            121.7282428,
            25.1105224
          ],
          [
            121.7278942,
            25.1103653
          ],
          [
            121.7275914,
            25.110184
          ],
          [
            121.7273917,
            25.1100027
          ],
          [
            121.7271597,
            25.1097651
          ],
          [
            121.7269853,
            25.1095377
          ],
          [
            121.7263939,
            25.1086228
          ],
          [
            121.726065,
            25.1080452
          ],
          [
            121.7257528,
            25.1074679
          ],
          [
            121.7255136,
            25.1068505
          ],
          [
            121.7252595,
            25.1055856
          ],
          [
            121.7250536,
            25.1047051
          ],
          [
            121.7247457,
            25.1039485
          ],
          [
            121.7244147,
            25.1031249
          ],
          [
            121.7242089,
            25.1027506
          ],
          [
            121.723886,
            25.1024096
          ],
          [
            121.7234174,
            25.1020001
          ],
          [
            121.7228166,
            25.101577
          ],
          [
            121.722672,
            25.1015026
          ],
          [
            121.7215525,
            25.1009265
          ],
          [
            121.7209761,
            25.1006669
          ],
          [
            121.7204522,
            25.100527
          ],
          [
            121.719885,
            25.1004478
          ],
          [
            121.7191897,
            25.1003458
          ],
          [
            121.7187209,
            25.1002846
          ],
          [
            121.7182434,
            25.1002846
          ],
          [
            121.7178424,
            25.100337
          ],
          [
            121.7159455,
            25.1008953
          ],
          [
            121.7148315,
            25.1009515
          ],
          [
            121.7130032,
            25.1005504
          ],
          [
            121.7128165,
            25.1005094
          ],
          [
            121.7102777,
            25.0997015
          ],
          [
            121.7087154,
            25.0989298
          ],
          [
            121.7076058,
            25.0981461
          ],
          [
            121.7074223,
            25.0979521
          ],
          [
            121.7072602,
            25.0977387
          ],
          [
            121.7071891,
            25.0975702
          ],
          [
            121.7071314,
            25.0974041
          ],
          [
            121.7071474,
            25.0972321
          ],
          [
            121.7072121,
            25.0971158
          ],
          [
            121.7073412,
            25.0970238
          ],
          [
            121.7075572,
            25.0969528
          ],
          [
            121.7078977,
            25.0968679
          ],
          [
            121.7084762,
            25.0966548
          ],
          [
            121.7089151,
            25.0964781
          ],
          [
            121.7096541,
            25.0955214
          ],
          [
            121.7098378,
            25.0944809
          ],
          [
            121.7098354,
            25.094063
          ],
          [
            121.7098059,
            25.0935343
          ],
          [
            121.7097068,
            25.0931353
          ],
          [
            121.7095035,
            25.0927122
          ],
          [
            121.7087997,
            25.0920366
          ],
          [
            121.7074327,
            25.0912246
          ],
          [
            121.7068291,
            25.091305
          ],
          [
            121.7057217,
            25.0918637
          ],
          [
            121.7043769,
            25.0929329
          ],
          [
            121.7040706,
            25.0934474
          ],
          [
            121.7037244,
            25.0946452
          ],
          [
            121.7036534,
            25.095437
          ],
          [
            121.7034848,
            25.0964459
          ],
          [
            121.7030676,
            25.096671
          ],
          [
            121.7020601,
            25.0968599
          ],
          [
            121.7009216,
            25.0967996
          ],
          [
            121.6998608,
            25.0967875
          ],
          [
            121.6991818,
            25.0963213
          ],
          [
            121.6984339,
            25.0954973
          ],
          [
            121.697919,
            25.0943357
          ],
          [
            121.6974441,
            25.0928324
          ],
          [
            121.6971956,
            25.0917552
          ],
          [
            121.6977881,
            25.0904569
          ],
          [
            121.6985493,
            25.0886762
          ],
          [
            121.6994858,
            25.0862765
          ],
          [
            121.7004423,
            25.0843791
          ],
          [
            121.7015519,
            25.0820235
          ],
          [
            121.7015874,
            25.0816256
          ],
          [
            121.7014231,
            25.0810628
          ],
          [
            121.7008062,
            25.0803834
          ],
          [
            121.6993815,
            25.0798729
          ],
          [
            121.6982009,
            25.0797
          ],
          [
            121.6954225,
            25.0789081
          ],
          [
            121.6940421,
            25.0785704
          ],
          [
            121.6933009,
            25.0786629
          ],
          [
            121.6926551,
            25.0787996
          ],
          [
            121.6913636,
            25.079282
          ],
          [
            121.6911436,
            25.0795666
          ],
          [
            121.690933,
            25.0798447
          ],
          [
            121.6910839,
            25.0803714
          ],
          [
            121.6915833,
            25.0808658
          ],
          [
            121.6933453,
            25.081927
          ],
          [
            121.6936094,
            25.0826225
          ],
          [
            121.6933475,
            25.0842706
          ],
          [
            121.6931655,
            25.08497
          ],
          [
            121.6928859,
            25.0858664
          ],
          [
            121.6924798,
            25.0864614
          ],
          [
            121.6918998,
            25.0869075
          ],
          [
            121.69113,
            25.0869452
          ],
          [
            121.6884691,
            25.0861304
          ],
          [
            121.6872845,
            25.0852557
          ],
          [
            121.6840043,
            25.0830699
          ],
          [
            121.683852,
            25.0830075
          ],
          [
            121.6824405,
            25.0824293
          ],
          [
            121.681955,
            25.0823037
          ],
          [
            121.6813447,
            25.0825235
          ],
          [
            121.6811367,
            25.0831579
          ],
          [
            121.6812893,
            25.0839932
          ],
          [
            121.6817123,
            25.0853939
          ],
          [
            121.6817955,
            25.0864742
          ],
          [
            121.6816846,
            25.0871839
          ],
          [
            121.6815443,
            25.0874573
          ],
          [
            121.6813655,
            25.0878057
          ],
          [
            121.6808732,
            25.0881763
          ],
          [
            121.6803184,
            25.0881574
          ],
          [
            121.679634,
            25.0878651
          ],
          [
            121.6789479,
            25.0874018
          ],
          [
            121.677284,
            25.0859127
          ],
          [
            121.6768335,
            25.0852243
          ],
          [
            121.6751692,
            25.0835033
          ],
          [
            121.6740665,
            25.0829443
          ],
          [
            121.6732412,
            25.0829569
          ],
          [
            121.6718889,
            25.0827622
          ],
          [
            121.6712736,
            25.0825197
          ],
          [
            121.6710737,
            25.0823673
          ],
          [
            121.6708591,
            25.081977
          ],
          [
            121.6701952,
            25.0810752
          ],
          [
            121.6698465,
            25.0807101
          ],
          [
            121.6694478,
            25.0802199
          ],
          [
            121.6679394,
            25.0791191
          ],
          [
            121.6663393,
            25.0781021
          ],
          [
            121.6654567,
            25.0773981
          ],
          [
            121.6634466,
            25.0766268
          ],
          [
            121.6631677,
            25.0765198
          ],
          [
            121.6615424,
            25.0760865
          ],
          [
            121.6606126,
            25.075564
          ],
          [
            121.6597791,
            25.0743399
          ],
          [
            121.6596917,
            25.0740623
          ],
          [
            121.6596089,
            25.0734279
          ],
          [
            121.6590245,
            25.070922
          ],
          [
            121.6585738,
            25.0703347
          ],
          [
            121.6582201,
            25.0699609
          ],
          [
            121.6573779,
            25.069568
          ],
          [
            121.6570619,
            25.0694206
          ],
          [
            121.6553074,
            25.0684596
          ],
          [
            121.6551354,
            25.068382
          ],
          [
            121.6538793,
            25.0682264
          ],
          [
            121.6528152,
            25.0681991
          ],
          [
            121.6514588,
            25.0684382
          ],
          [
            121.6503843,
            25.0683051
          ],
          [
            121.6497063,
            25.0683916
          ],
          [
            121.6491457,
            25.0685558
          ],
          [
            121.6485985,
            25.068636
          ],
          [
            121.6483587,
            25.0690758
          ],
          [
            121.6482482,
            25.0694759
          ],
          [
            121.6485517,
            25.0700927
          ],
          [
            121.6496448,
            25.0720854
          ],
          [
            121.6499326,
            25.0728225
          ],
          [
            121.6501134,
            25.0735742
          ],
          [
            121.6499058,
            25.0743214
          ],
          [
            121.6496394,
            25.0747038
          ],
          [
            121.6494585,
            25.0749245
          ],
          [
            121.6487327,
            25.0754892
          ],
          [
            121.6487139,
            25.0755
          ],
          [
            121.6458438,
            25.0752945
          ],
          [
            121.645684,
            25.0752831
          ],
          [
            121.6450143,
            25.0752559
          ],
          [
            121.6441801,
            25.0752389
          ],
          [
            121.6427567,
            25.0748961
          ],
          [
            121.6414378,
            25.0742579
          ],
          [
            121.6411129,
            25.0738586
          ],
          [
            121.6407232,
            25.0729891
          ],
          [
            121.6406143,
            25.0722543
          ],
          [
            121.6405223,
            25.0716342
          ],
          [
            121.6403533,
            25.0708616
          ],
          [
            121.6400167,
            25.0702707
          ],
          [
            121.6395803,
            25.0691274
          ],
          [
            121.6390908,
            25.0678687
          ],
          [
            121.6382032,
            25.0656044
          ],
          [
            121.636872,
            25.0641161
          ],
          [
            121.6362897,
            25.0635885
          ],
          [
            121.6357356,
            25.0633897
          ],
          [
            121.6344948,
            25.0632425
          ],
          [
            121.6336507,
            25.0628271
          ],
          [
            121.6328696,
            25.0623856
          ],
          [
            121.6322217,
            25.0617055
          ],
          [
            121.631482,
            25.0608869
          ],
          [
            121.6311328,
            25.0603358
          ],
          [
            121.6307494,
            25.0596333
          ],
          [
            121.6300268,
            25.0582512
          ],
          [
            121.6294502,
            25.0560948
          ],
          [
            121.6284995,
            25.0547784
          ],
          [
            121.627727,
            25.0543583
          ],
          [
            121.6262259,
            25.0544892
          ],
          [
            121.62469,
            25.0553846
          ],
          [
            121.6240458,
            25.056279
          ],
          [
            121.623454,
            25.0572081
          ],
          [
            121.6231529,
            25.0578313
          ],
          [
            121.6229267,
            25.058612
          ],
          [
            121.6210346,
            25.0612142
          ],
          [
            121.619143,
            25.0627297
          ],
          [
            121.6182319,
            25.0633338
          ],
          [
            121.6161156,
            25.0639924
          ],
          [
            121.6156668,
            25.0641279
          ]
        ]
      }
    },
    {
      "type": "Feature",
      "properties": {
        "river_id": "11403011",
        "upstream_site_id": "1269",
        "downstream_site_id": "1270"
      },
      "geometry": {
        "type": "LineString",
        "coordinates": [
          [
            121.6120046,
            25.063243
          ],
          [
            121.6115717,
            25.0623569
          ],
          [
            121.6105828,
            25.0612534
          ],
          [
            121.6093465,
            25.0604318
          ],
          [
            121.6078137,
            25.0598548
          ],
          [
            121.6056282,
            25.0592465
          ],
          [
            121.6023153,
            25.0590149
          ],
          [
            121.5986962,
            25.0589751
          ],
          [
            121.5981189,
            25.0589989
          ],
          [
            121.5968569,
            25.0594732
          ],
          [
            121.595431,
            25.0599534
          ],
          [
            121.5937316,
            25.0600471
          ],
          [
            121.5917271,
            25.0588085
          ],
          [
            121.5907285,
            25.0578111
          ],
          [
            121.5896299,
            25.05674
          ],
          [
            121.5883253,
            25.0556632
          ],
          [
            121.586555,
            25.0546038
          ],
          [
            121.5845338,
            25.0540174
          ],
          [
            121.5832867,
            25.0537016
          ]
        ]
      }
    },
    {
      "type": "Feature",
      "properties": {
        "river_id": "11403011",
        "upstream_site_id": "1270",
        "downstream_site_id": "1280"
      },
      "geometry": {
        "type": "LineString",
        "coordinates": [
          [
            121.5832867,
            25.0537016
          ],
          [
            121.5820769,
            25.0533953
          ],
          [
            121.579893,
            25.0529154
          ],
          [
            121.5788475,
            25.0526857
          ],
          [
            121.5748578,
            25.0518224
          ],
          [
            121.5741998,
            25.0517617
          ],
          [
            121.5736067,
            25.0517883
          ],
          [
            121.5730868,
            25.05192
          ],
          [
            121.5726843,
            25.0520883
          ],
          [
            121.5720439,
            25.0527361
          ],
          [
            121.5718732,
            25.0530207
          ],
          [
            121.5717389,
            25.0534086
          ],
          [
            121.5716817,
            25.0539931
          ],
          [
            121.5717099,
            25.0550262
          ],
          [
            121.5712504,
            25.059296
          ],
          [
            121.5700038,
            25.0626728
          ],
          [
            121.5695432,
            25.0636132
          ],
          [
            121.5695798,
            25.0645911
          ],
          [
            121.5713627,
            25.0674263
          ],
          [
            121.5720125,
            25.0697425
          ],
          [
            121.5719613,
            25.0720865
          ],
          [
            121.5714911,
            25.0737583
          ],
          [
            121.5712621,
            25.0740969
          ],
          [
            121.5705959,
            25.075082
          ],
          [
            121.5697,
            25.0757123
          ],
          [
            121.5686486,
            25.0756832
          ],
          [
            121.5678225,
            25.0751681
          ],
          [
            121.5645911,
            25.0730985
          ],
          [
            121.5629807,
            25.072455
          ],
          [
            121.560929,
            25.0725612
          ],
          [
            121.5579085,
            25.0740784
          ],
          [
            121.5562311,
            25.0746859
          ],
          [
            121.5559515,
            25.0747611
          ],
          [
            121.5542714,
            25.0753401
          ],
          [
            121.5524687,
            25.0755049
          ],
          [
            121.5482462,
            25.0758897
          ],
          [
            121.5452274,
            25.0761469
          ],
          [
            121.5338475,
            25.0768279
          ],
          [
            121.5322006,
            25.0769264
          ],
          [
            121.5295352,
            25.0768571
          ],
          [
            121.5287918,
            25.0765776
          ],
          [
            121.5284248,
            25.0763032
          ],
          [
            121.5281083,
            25.0759055
          ],
          [
            121.527942,
            25.0754917
          ],
          [
            121.5279835,
            25.0749844
          ],
          [
            121.5281029,
            25.0742187
          ],
          [
            121.5279451,
            25.0734682
          ],
          [
            121.5278025,
            25.0731838
          ],
          [
            121.5275397,
            25.0729408
          ],
          [
            121.5272637,
            25.0728156
          ],
          [
            121.5270622,
            25.072727
          ],
          [
            121.5268289,
            25.0727052
          ],
          [
            121.5265553,
            25.0727197
          ],
          [
            121.5263273,
            25.0727853
          ],
          [
            121.526026,
            25.0729212
          ],
          [
            121.5256755,
            25.0732129
          ],
          [
            121.525431,
            25.0734874
          ],
          [
            121.5251787,
            25.0739243
          ]
        ]
      }
    },
    {
      "type": "Feature",
      "properties": {
        "river_id": "26200021",
        "upstream_site_id": "1034",
        "downstream_site_id": "1035"
      },
      "geometry": {
        "type": "LineString",
        "coordinates": [
          [
            121.8648277,
            25.0336987
          ],
          [
            121.8650212,
            25.0334902
          ],
          [
            121.865677,
            25.0329598
          ],
          [
            121.8664244,
            25.0324742
          ],
          [
            121.867276,
            25.0321162
          ],
          [
            121.8682775,
            25.0318359
          ],
          [
            121.8690848,
            25.0315613
          ],
          [
            121.8695596,
            25.0315419
          ],
          [
            121.8700397,
            25.0315516
          ],
          [
            121.8704367,
            25.0314423
          ],
          [
            121.8708149,
            25.0314666
          ],
          [
            121.8710646,
            25.0313634
          ],
          [
            121.8712577,
            25.0308584
          ],
          [
            121.8713107,
            25.0303886
          ],
          [
            121.8711967,
            25.0299831
          ],
          [
            121.8711086,
            25.02929
          ],
          [
            121.8709352,
            25.0285318
          ],
          [
            121.8709305,
            25.028045
          ],
          [
            121.8711729,
            25.0275467
          ],
          [
            121.8717166,
            25.0270282
          ],
          [
            121.8722262,
            25.0267395
          ],
          [
            121.8734812,
            25.0263524
          ],
          [
            121.8739956,
            25.0262855
          ],
          [
            121.8744922,
            25.026051
          ],
          [
            121.8749671,
            25.0254913
          ],
          [
            121.8753684,
            25.0247466
          ],
          [
            121.8760014,
            25.0228447
          ],
          [
            121.87641,
            25.0219375
          ],
          [
            121.8767508,
            25.0213649
          ],
          [
            121.8772448,
            25.0206333
          ],
          [
            121.877831,
            25.0204055
          ],
          [
            121.8787373,
            25.0204608
          ],
          [
            121.8792911,
            25.0205531
          ],
          [
            121.8799887,
            25.020846
          ],
          [
            121.8805911,
            25.0212353
          ],
          [
            121.8808014,
            25.0219831
          ],
          [
            121.880916,
            25.0230925
          ],
          [
            121.8810662,
            25.024133
          ],
          [
            121.8811474,
            25.0255477
          ],
          [
            121.8813197,
            25.0259891
          ],
          [
            121.881871,
            25.026138
          ],
          [
            121.8825673,
            25.0261407
          ],
          [
            121.8834329,
            25.0261306
          ],
          [
            121.8847311,
            25.0258265
          ],
          [
            121.8857591,
            25.0253535
          ],
          [
            121.8861804,
            25.0250215
          ],
          [
            121.8864639,
            25.0244259
          ],
          [
            121.8866992,
            25.0237223
          ],
          [
            121.8868482,
            25.023221
          ],
          [
            121.887203,
            25.0222442
          ],
          [
            121.8876204,
            25.02155
          ],
          [
            121.8877751,
            25.021469
          ],
          [
            121.8879824,
            25.0213604
          ],
          [
            121.8884212,
            25.0213995
          ],
          [
            121.8890343,
            25.0217399
          ],
          [
            121.8898759,
            25.0223459
          ],
          [
            121.8906719,
            25.0227386
          ],
          [
            121.8922377,
            25.0232787
          ],
          [
            121.89345,
            25.0234439
          ],
          [
            121.8944118,
            25.0232186
          ],
          [
            121.8946946,
            25.0231523
          ],
          [
            121.8966043,
            25.0221607
          ],
          [
            121.8982351,
            25.0209454
          ],
          [
            121.898793,
            25.0207704
          ],
          [
            121.8992865,
            25.0208676
          ],
          [
            121.8993723,
            25.0212176
          ],
          [
            121.8990075,
            25.0218593
          ],
          [
            121.8990183,
            25.0224329
          ],
          [
            121.8995654,
            25.0232106
          ],
          [
            121.900059,
            25.0236481
          ],
          [
            121.9010035,
            25.0236697
          ],
          [
            121.9013357,
            25.0236773
          ],
          [
            121.9022691,
            25.0234439
          ],
          [
            121.9034244,
            25.0232244
          ],
          [
            121.9042647,
            25.0230648
          ],
          [
            121.9045648,
            25.0229815
          ],
          [
            121.9055951,
            25.0226954
          ],
          [
            121.9074941,
            25.0218787
          ],
          [
            121.9095246,
            25.0207027
          ]
        ]
      }
    }
  ]
}
